frame,timestamp,target_cx,target_cy,target_class,confidence,error_x,error_y,distance,output_x,output_y,aim_x,aim_y,steps,settled,dt
0,1785364537.574,967.3,542.5,1,0.713,7.3,-0.6,7.3,2.54,-0.12,967.3,539.4,"[[3, 0]]",0,0.0000
1,1785364537.583,967.3,542.5,1,0.713,7.3,-0.6,7.3,2.54,-0.12,967.3,539.4,"[[3, 0]]",0,0.0084
2,1785364537.591,979.9,542.3,1,0.870,19.9,-0.7,19.9,7.61,-0.16,979.9,539.3,"[[6, 0], [2, 0]]",0,0.0079
3,1785364537.601,979.9,542.3,1,0.870,19.9,-0.7,19.9,6.98,-0.15,979.9,539.3,"[[6, 0], [1, 0]]",0,0.0108
4,1785364537.614,979.9,542.3,1,0.870,19.9,-0.7,19.9,6.98,-0.15,979.9,539.3,"[[6, 0], [1, 0]]",0,0.0122
5,1785364537.623,989.6,542.3,1,0.858,29.6,-0.8,29.6,10.83,-0.17,989.6,539.2,"[[7, 0], [4, 0]]",0,0.0090
6,1785364537.632,989.6,542.3,1,0.858,29.6,-0.8,29.6,10.35,-0.17,989.6,539.2,"[[6, 0], [4, 0]]",0,0.0092
7,1785364537.644,989.6,542.3,1,0.858,29.6,-0.8,29.6,10.35,-0.17,989.6,539.2,"[[6, 0], [4, 0]]",0,0.0119
8,1785364537.655,993.4,554.8,0,0.886,33.4,3.3,33.5,11.89,0.81,993.4,543.3,"[[7, 0], [5, 0]]",0,0.0111
9,1785364537.664,993.4,554.8,0,0.886,33.4,3.3,33.5,11.70,0.69,993.4,543.3,"[[7, 0], [5, 0]]",0,0.0095
10,1785364537.676,993.4,554.8,0,0.886,33.4,3.3,33.5,11.70,0.69,993.4,543.3,"[[7, 0], [5, 0]]",0,0.0115
11,1785364537.686,983.7,554.9,0,0.885,23.7,3.3,23.8,7.81,0.70,983.7,543.3,"[[6, 1], [2, 0]]",0,0.0101
12,1785364537.695,983.7,554.9,0,0.885,23.7,3.3,23.8,8.30,0.70,983.7,543.3,"[[6, 0], [2, 0]]",0,0.0093
13,1785364537.705,983.7,554.9,0,0.885,23.7,3.3,23.8,8.30,0.70,983.7,543.3,"[[6, 0], [2, 0]]",0,0.0102
14,1785364537.716,983.7,554.9,0,0.885,23.7,3.3,23.8,8.30,0.70,983.7,543.3,"[[6, 0], [2, 0]]",0,0.0110
15,1785364537.726,969.1,542.2,1,0.785,9.1,-0.7,9.1,2.45,-0.26,969.1,539.3,"[[2, 0]]",0,0.0093
16,1785364537.733,969.1,542.2,1,0.785,9.1,-0.7,9.1,3.18,-0.14,969.1,539.3,"[[3, 0]]",0,0.0078
17,1785364537.743,969.1,542.2,1,0.785,9.1,-0.7,9.1,3.18,-0.14,969.1,539.3,"[[3, 0]]",0,0.0095
18,1785364537.751,947.5,541.6,1,0.869,-12.5,-1.4,12.6,-5.47,-0.31,947.5,538.6,"[[-5, 0]]",0,0.0077
19,1785364537.759,947.5,541.6,1,0.869,-12.5,-1.4,12.6,-4.39,-0.29,947.5,538.6,"[[-4, 0]]",0,0.0082
20,1785364537.767,947.5,541.6,1,0.869,-12.5,-1.4,12.6,-4.39,-0.29,947.5,538.6,"[[-4, 0]]",0,0.0081
21,1785364537.777,947.5,541.6,1,0.869,-12.5,-1.4,12.6,-4.39,-0.29,947.5,538.6,"[[-4, 0]]",0,0.0099
22,1785364537.784,929.1,553.9,0,0.898,-30.9,2.1,30.9,-11.74,0.55,929.1,542.1,"[[-7, 0], [-5, 0]]",0,0.0075
23,1785364537.795,929.1,553.9,0,0.898,-30.9,2.1,30.9,-10.82,0.45,929.1,542.1,"[[-7, 0], [-4, 0]]",0,0.0104
24,1785364537.804,929.1,553.9,0,0.898,-30.9,2.1,30.9,-10.82,0.45,929.1,542.1,"[[-7, 0], [-4, 0]]",0,0.0091
25,1785364537.816,929.1,553.9,0,0.898,-30.9,2.1,30.9,-10.82,0.45,929.1,542.1,"[[-7, 0], [-4, 0]]",0,0.0120
26,1785364537.826,913.8,553.5,0,0.898,-46.2,1.8,46.2,-16.93,0.36,913.8,541.8,"[[-8, 0], [-6, 0], [-3, 0]]",0,0.0102
27,1785364537.841,913.8,553.5,0,0.898,-46.2,1.8,46.2,-16.17,0.37,913.8,541.8,"[[-8, 0], [-6, 0], [-2, 0]]",0,0.0153
28,1785364537.855,905.8,553.7,0,0.899,-54.2,1.9,54.2,-19.36,0.40,905.8,541.9,"[[-9, 0], [-6, 0], [-4, 0]]",0,0.0136
29,1785364537.868,905.8,553.7,0,0.899,-54.2,1.9,54.2,-18.96,0.40,905.8,541.9,"[[-9, 0], [-6, 0], [-4, 0]]",0,0.0128
30,1785364537.882,905.8,553.7,0,0.899,-54.2,1.9,54.2,-18.96,0.40,905.8,541.9,"[[-9, 0], [-6, 0], [-4, 0]]",0,0.0139
31,1785364537.894,911.5,553.8,0,0.896,-48.5,2.0,48.5,-16.68,0.42,911.5,542.0,"[[-8, 0], [-6, 0], [-3, 0]]",0,0.0129
32,1785364537.910,911.5,553.8,0,0.896,-48.5,2.0,48.5,-16.97,0.41,911.5,542.0,"[[-8, 0], [-6, 0], [-3, 0]]",0,0.0154
33,1785364537.924,930.2,553.6,0,0.898,-29.8,1.9,29.8,-9.48,0.41,930.2,541.9,"[[-6, 0], [-3, 0]]",0,0.0140
34,1785364537.936,930.2,553.6,0,0.898,-29.8,1.9,29.8,-10.42,0.41,930.2,541.9,"[[-6, 0], [-4, 0]]",0,0.0118
35,1785364537.947,930.2,553.6,0,0.898,-29.8,1.9,29.8,-10.42,0.41,930.2,541.9,"[[-6, 0], [-4, 0]]",0,0.0112
36,1785364537.957,950.2,540.7,1,0.861,-9.8,-2.3,9.9,-2.45,-0.62,950.2,537.7,"[[-2, -1]]",0,0.0104
37,1785364537.966,950.2,540.7,1,0.861,-9.8,-2.3,9.9,-3.44,-0.49,950.2,537.7,"[[-3, 0]]",0,0.0084
38,1785364537.977,950.2,540.7,1,0.861,-9.8,-2.3,9.9,-3.44,-0.49,950.2,537.7,"[[-3, 0]]",0,0.0109
39,1785364537.986,950.2,540.7,1,0.861,-9.8,-2.3,9.9,-3.44,-0.49,950.2,537.7,"[[-3, 0]]",0,0.0096
40,1785364537.994,969.6,540.4,1,0.862,9.6,-2.7,9.8,4.35,-0.57,969.6,537.3,"[[4, -1]]",0,0.0076
41,1785364538.001,969.6,540.4,1,0.862,9.6,-2.7,9.8,3.37,-0.56,969.6,537.3,"[[3, -1]]",0,0.0074
42,1785364538.010,969.6,540.4,1,0.862,9.6,-2.7,9.8,3.37,-0.56,969.6,537.3,"[[3, -1]]",0,0.0086
43,1785364538.018,990.6,540.2,1,0.812,30.6,-2.9,30.6,11.75,-0.62,990.6,537.1,"[[7, 0], [5, 0]]",0,0.0079
44,1785364538.029,990.6,540.2,1,0.812,30.6,-2.9,30.6,10.71,-0.62,990.6,537.1,"[[6, 0], [4, 0]]",0,0.0109
45,1785364538.041,990.6,540.2,1,0.812,30.6,-2.9,30.6,10.71,-0.62,990.6,537.1,"[[6, 0], [4, 0]]",0,0.0123
46,1785364538.051,990.6,540.2,1,0.812,30.6,-2.9,30.6,10.71,-0.62,990.6,537.1,"[[6, 0], [4, 0]]",0,0.0102
47,1785364538.061,1003.8,540.1,1,0.789,43.8,-2.9,43.9,16.00,-0.61,1003.8,537.1,"[[8, 0], [6, 0], [2, 0]]",0,0.0094
48,1785364538.073,1003.8,540.1,1,0.789,43.8,-2.9,43.9,15.34,-0.61,1003.8,537.1,"[[8, 0], [6, 0], [2, 0]]",0,0.0125
49,1785364538.086,1012.5,540.6,1,0.869,52.5,-2.5,52.5,18.79,-0.51,1012.5,537.5,"[[9, 0], [6, 0], [4, 0]]",0,0.0134
50,1785364538.098,1012.5,540.6,1,0.869,52.5,-2.5,52.5,18.36,-0.52,1012.5,537.5,"[[9, 0], [6, 0], [4, 0]]",0,0.0120
51,1785364538.110,1012.5,540.6,1,0.869,52.5,-2.5,52.5,18.36,-0.52,1012.5,537.5,"[[9, 0], [6, 0], [4, 0]]",0,0.0118
52,1785364538.123,1009.0,541.6,1,0.827,49.0,-1.4,49.0,16.97,-0.26,1009.0,538.6,"[[8, 0], [6, 0], [3, 0]]",0,0.0126
53,1785364538.134,1009.0,541.6,1,0.827,49.0,-1.4,49.0,17.14,-0.30,1009.0,538.6,"[[8, 0], [6, 0], [3, 0]]",0,0.0117
54,1785364538.147,1009.0,541.6,1,0.827,49.0,-1.4,49.0,17.14,-0.30,1009.0,538.6,"[[8, 0], [6, 0], [3, 0]]",0,0.0122
55,1785364538.159,994.1,541.8,1,0.883,34.1,-1.3,34.1,11.17,-0.26,994.1,538.7,"[[7, 0], [5, 0]]",0,0.0127
56,1785364538.170,994.1,541.8,1,0.883,34.1,-1.3,34.1,11.92,-0.27,994.1,538.7,"[[7, 0], [5, 0]]",0,0.0106
57,1785364538.182,994.1,541.8,1,0.883,34.1,-1.3,34.1,11.92,-0.27,994.1,538.7,"[[7, 0], [5, 0]]",0,0.0122
58,1785364538.192,974.3,541.8,1,0.870,14.3,-1.2,14.3,4.02,-0.26,974.3,538.8,"[[4, 0]]",0,0.0099
59,1785364538.201,974.3,541.8,1,0.870,14.3,-1.2,14.3,5.01,-0.26,974.3,538.8,"[[5, 0]]",0,0.0087
60,1785364538.212,974.3,541.8,1,0.870,14.3,-1.2,14.3,5.01,-0.26,974.3,538.8,"[[5, 0]]",0,0.0111
61,1785364538.221,957.3,541.7,1,0.862,-2.7,-1.3,2.8,-1.79,-0.28,957.3,538.7,"[[-2, 0]]",0,0.0094
62,1785364538.229,957.3,541.7,1,0.862,-2.7,-1.3,2.8,-0.94,-0.28,957.3,538.7,"[[-1, 0]]",0,0.0076
63,1785364538.237,957.3,541.7,1,0.862,-2.7,-1.3,2.8,-0.94,-0.28,957.3,538.7,"[[-1, 0]]",0,0.0084
64,1785364538.246,957.3,541.7,1,0.862,-2.7,-1.3,2.8,-0.94,-0.28,957.3,538.7,"[[-1, 0]]",0,0.0089
65,1785364538.255,933.4,541.8,1,0.877,-26.6,-1.2,26.6,-10.49,-0.26,933.4,538.8,"[[-6, 0], [-4, 0]]",0,0.0089
66,1785364538.265,933.4,541.8,1,0.877,-26.6,-1.2,26.6,-9.30,-0.26,933.4,538.8,"[[-6, 0], [-3, 0]]",0,0.0096
67,1785364538.277,933.4,541.8,1,0.877,-26.6,-1.2,26.6,-9.30,-0.26,933.4,538.8,"[[-6, 0], [-3, 0]]",0,0.0118
68,1785364538.287,912.8,541.7,1,0.801,-47.2,-1.4,47.2,-17.54,-0.30,912.8,538.6,"[[-8, 0], [-6, 0], [-3, 0]]",0,0.0100
69,1785364538.298,912.8,541.7,1,0.801,-47.2,-1.4,47.2,-16.51,-0.29,912.8,538.6,"[[-8, 0], [-6, 0], [-3, 0]]",0,0.0112
70,1785364538.313,912.8,541.7,1,0.801,-47.2,-1.4,47.2,-16.51,-0.29,912.8,538.6,"[[-8, 0], [-6, 0], [-3, 0]]",0,0.0150
71,1785364538.327,900.8,541.9,1,0.870,-59.2,-1.2,59.3,-21.34,-0.25,900.8,538.8,"[[-9, 0], [-7, 0], [-5, 0]]",0,0.0137
72,1785364538.337,900.8,541.9,1,0.870,-59.2,-1.2,59.3,-20.74,-0.26,900.8,538.8,"[[-9, 0], [-7, 0], [-5, 0]]",0,0.0109
73,1785364538.348,900.8,541.9,1,0.870,-59.2,-1.2,59.3,-20.74,-0.26,900.8,538.8,"[[-9, 0], [-7, 0], [-5, 0]]",0,0.0111
74,1785364538.361,902.4,541.9,1,0.872,-57.6,-1.2,57.6,-20.06,-0.25,902.4,538.8,"[[-9, 0], [-7, 0], [-4, 0]]",0,0.0127
75,1785364538.374,902.4,541.9,1,0.872,-57.6,-1.2,57.6,-20.15,-0.25,902.4,538.8,"[[-9, 0], [-7, 0], [-5, 0]]",0,0.0130
76,1785364538.385,914.7,541.7,1,0.877,-45.3,-1.3,45.3,-15.26,-0.28,914.7,538.7,"[[-8, 0], [-6, 0], [-2, 0]]",0,0.0108
77,1785364538.397,914.7,541.7,1,0.877,-45.3,-1.3,45.3,-15.87,-0.28,914.7,538.7,"[[-8, 0], [-6, 0], [-2, 0]]",0,0.0118
78,1785364538.408,914.7,541.7,1,0.877,-45.3,-1.3,45.3,-15.87,-0.28,914.7,538.7,"[[-8, 0], [-6, 0], [-2, 0]]",0,0.0115
79,1785364538.420,932.0,541.8,1,0.875,-28.0,-1.2,28.0,-8.94,-0.25,932.0,538.8,"[[-6, 0], [-3, 0]]",0,0.0115
80,1785364538.429,932.0,541.8,1,0.875,-28.0,-1.2,28.0,-9.80,-0.26,932.0,538.8,"[[-6, 0], [-4, 0]]",0,0.0093
81,1785364538.440,932.0,541.8,1,0.875,-28.0,-1.2,28.0,-9.80,-0.26,932.0,538.8,"[[-6, 0], [-4, 0]]",0,0.0113
82,1785364538.451,932.0,541.8,1,0.875,-28.0,-1.2,28.0,-9.80,-0.26,932.0,538.8,"[[-6, 0], [-4, 0]]",0,0.0110
83,1785364538.463,959.1,541.6,1,0.689,-0.9,-1.3,1.2,1.04,-0.28,959.1,538.7,"[[1, 0]]",0,0.0113
84,1785364538.474,959.1,541.6,1,0.689,-0.9,-1.3,1.2,-0.31,-0.28,959.1,538.7,"[]",0,0.0115
85,1785364538.483,959.1,541.6,1,0.689,-0.9,-1.3,1.2,-0.31,-0.28,959.1,538.7,"[]",0,0.0086
86,1785364538.492,988.5,541.8,1,0.876,28.5,-1.2,28.5,11.46,-0.25,988.5,538.8,"[[7, 0], [5, 0]]",0,0.0095
87,1785364538.502,988.5,541.8,1,0.876,28.5,-1.2,28.5,9.99,-0.26,988.5,538.8,"[[6, 0], [4, 0]]",0,0.0099
88,1785364538.512,988.5,541.8,1,0.876,28.5,-1.2,28.5,9.99,-0.26,988.5,538.8,"[[6, 0], [4, 0]]",0,0.0101
89,1785364538.524,1010.9,541.7,1,0.881,50.9,-1.3,50.9,18.94,-0.27,1010.9,538.7,"[[9, 0], [6, 0], [4, 0]]",0,0.0122
90,1785364538.535,1010.9,541.7,1,0.881,50.9,-1.3,50.9,17.82,-0.26,1010.9,538.7,"[[8, 0], [6, 0], [3, 0]]",0,0.0110
91,1785364538.548,1010.9,541.7,1,0.881,50.9,-1.3,50.9,17.82,-0.26,1010.9,538.7,"[[8, 0], [6, 0], [3, 0]]",0,0.0131
92,1785364538.562,1024.7,555.1,0,0.898,64.7,2.9,64.7,23.33,0.75,1024.7,542.9,"[[10, 0], [7, 0], [5, 0], [1, 0]]",0,0.0132
93,1785364538.579,1024.7,555.1,0,0.898,64.7,2.9,64.7,22.64,0.62,1024.7,542.9,"[[10, 0], [7, 0], [5, 0], [1, 0]]",0,0.0173
94,1785364538.592,1028.9,554.8,0,0.906,68.9,2.7,68.9,24.32,0.55,1028.9,542.7,"[[10, 0], [7, 0], [5, 0], [1, 0]]",0,0.0131
95,1785364538.609,1028.9,554.8,0,0.906,68.9,2.7,68.9,24.11,0.56,1028.9,542.7,"[[10, 0], [7, 0], [5, 0], [1, 0]]",0,0.0165
96,1785364538.621,1018.7,555.2,0,0.904,58.7,3.0,58.8,20.05,0.63,1018.7,543.0,"[[9, 0], [7, 0], [4, 0]]",0,0.0126
97,1785364538.633,1018.7,555.2,0,0.904,58.7,3.0,58.8,20.56,0.62,1018.7,543.0,"[[9, 0], [7, 0], [5, 0]]",0,0.0121
98,1785364538.645,1018.7,555.2,0,0.904,58.7,3.0,58.8,20.56,0.62,1018.7,543.0,"[[9, 0], [7, 0], [5, 0]]",0,0.0118
99,1785364538.658,1001.2,555.0,0,0.906,41.2,2.8,41.2,13.55,0.58,1001.2,542.8,"[[7, 0], [5, 0], [1, 0]]",0,0.0125
100,1785364538.669,1001.2,555.0,0,0.906,41.2,2.8,41.2,14.42,0.59,1001.2,542.8,"[[7, 0], [6, 0], [1, 0]]",0,0.0110
101,1785364538.682,1001.2,555.0,0,0.906,41.2,2.8,41.2,14.42,0.59,1001.2,542.8,"[[7, 0], [6, 0], [1, 0]]",0,0.0133
102,1785364538.694,978.6,554.9,0,0.901,18.6,2.8,18.7,5.40,0.59,978.6,542.8,"[[5, 1]]",0,0.0121
103,1785364538.702,978.6,554.9,0,0.901,18.6,2.8,18.7,6.52,0.59,978.6,542.8,"[[5, 0], [1, 0]]",0,0.0083
104,1785364538.713,978.6,554.9,0,0.901,18.6,2.8,18.7,6.52,0.59,978.6,542.8,"[[5, 0], [1, 0]]",0,0.0110
105,1785364538.722,957.0,541.5,1,0.863,-3.0,-1.5,3.1,-2.12,-0.44,957.0,538.5,"[[-2, 0]]",0,0.0088
106,1785364538.730,957.0,541.5,1,0.863,-3.0,-1.5,3.1,-1.04,-0.31,957.0,538.5,"[[-1, 0]]",0,0.0077
107,1785364538.737,957.0,541.5,1,0.863,-3.0,-1.5,3.1,-1.04,-0.31,957.0,538.5,"[[-1, 0]]",0,0.0075
108,1785364538.748,957.0,541.5,1,0.863,-3.0,-1.5,3.1,-1.04,-0.31,957.0,538.5,"[[-1, 0]]",0,0.0105
109,1785364538.756,922.6,541.8,1,0.883,-37.4,-1.3,37.4,-14.82,-0.26,922.6,538.7,"[[-8, 0], [-6, 0], [-2, 0]]",0,0.0081
110,1785364538.768,922.6,541.8,1,0.883,-37.4,-1.3,37.4,-13.10,-0.26,922.6,538.7,"[[-7, 0], [-5, 0], [-1, 0]]",0,0.0118
111,1785364538.778,922.6,541.8,1,0.883,-37.4,-1.3,37.4,-13.10,-0.26,922.6,538.7,"[[-7, 0], [-5, 0], [-1, 0]]",0,0.0102
112,1785364538.789,904.4,555.1,0,0.890,-55.6,3.0,55.6,-20.38,0.75,904.4,543.0,"[[-9, 0], [-7, 0], [-5, 0]]",0,0.0116
113,1785364538.808,904.4,555.1,0,0.890,-55.6,3.0,55.6,-19.47,0.63,904.4,543.0,"[[-9, 0], [-6, 0], [-4, 0]]",0,0.0182
114,1785364538.819,893.2,554.6,0,0.897,-66.8,2.5,66.8,-23.95,0.51,893.2,542.5,"[[-10, 0], [-7, 0], [-5, 0], [-1, 0]]",0,0.0114
115,1785364538.832,893.2,554.6,0,0.897,-66.8,2.5,66.8,-23.39,0.52,893.2,542.5,"[[-10, 0], [-7, 0], [-5, 0], [-1, 0]]",0,0.0129
116,1785364538.848,893.2,554.6,0,0.897,-66.8,2.5,66.8,-23.39,0.52,893.2,542.5,"[[-10, 0], [-7, 0], [-5, 0], [-1, 0]]",0,0.0162
117,1785364538.863,892.0,554.7,0,0.895,-68.0,2.6,68.0,-23.84,0.54,892.0,542.6,"[[-10, 0], [-7, 0], [-5, 0], [-1, 0]]",0,0.0153
118,1785364538.877,892.0,554.7,0,0.895,-68.0,2.6,68.0,-23.78,0.54,892.0,542.6,"[[-10, 0], [-7, 0], [-5, 0], [-1, 0]]",0,0.0136
119,1785364538.891,906.4,554.8,0,0.898,-53.6,2.7,53.6,-18.05,0.58,906.4,542.7,"[[-8, 0], [-6, 0], [-3, 0]]",0,0.0140
120,1785364538.902,906.4,554.8,0,0.898,-53.6,2.7,53.6,-18.77,0.57,906.4,542.7,"[[-9, 0], [-6, 0], [-4, 0]]",0,0.0111
121,1785364538.917,906.4,554.8,0,0.898,-53.6,2.7,53.6,-18.77,0.57,906.4,542.7,"[[-9, 0], [-6, 0], [-4, 0]]",0,0.0145
122,1785364538.930,930.8,554.7,0,0.899,-29.2,2.7,29.2,-8.99,0.56,930.8,542.7,"[[-6, 0], [-3, 0]]",0,0.0134
123,1785364538.942,930.8,554.7,0,0.899,-29.2,2.7,29.2,-10.21,0.57,930.8,542.7,"[[-6, 0], [-4, 0]]",0,0.0115
124,1785364538.952,951.9,554.7,0,0.892,-8.1,2.7,8.2,-1.76,0.58,951.9,542.7,"[[-2, 1]]",0,0.0105
125,1785364538.959,951.9,554.7,0,0.892,-8.1,2.7,8.2,-2.82,0.57,951.9,542.7,"[[-3, 1]]",0,0.0074
126,1785364538.968,951.9,554.7,0,0.892,-8.1,2.7,8.2,-2.82,0.57,951.9,542.7,"[[-3, 1]]",0,0.0085
127,1785364538.979,951.9,554.7,0,0.892,-8.1,2.7,8.2,-2.82,0.57,951.9,542.7,"[[-3, 1]]",0,0.0108
128,1785364538.987,978.7,554.6,0,0.904,18.7,2.6,18.7,7.87,0.53,978.7,542.6,"[[6, 0], [2, 0]]",0,0.0083
129,1785364538.997,978.7,554.6,0,0.904,18.7,2.6,18.7,6.54,0.54,978.7,542.6,"[[5, 0], [1, 0]]",0,0.0100
130,1785364539.011,978.7,554.6,0,0.904,18.7,2.6,18.7,6.54,0.54,978.7,542.6,"[[5, 0], [1, 0]]",0,0.0137
131,1785364539.025,978.7,554.6,0,0.904,18.7,2.6,18.7,6.54,0.54,978.7,542.6,"[[5, 0], [1, 0]]",0,0.0138
132,1785364539.036,1001.2,554.6,0,0.910,41.2,2.6,41.3,15.56,0.54,1001.2,542.6,"[[8, 0], [6, 0], [2, 0]]",0,0.0110
133,1785364539.049,1001.2,554.6,0,0.910,41.2,2.6,41.3,14.43,0.54,1001.2,542.6,"[[7, 0], [6, 0], [1, 0]]",0,0.0132
134,1785364539.062,1014.3,554.7,0,0.904,54.3,2.6,54.3,19.65,0.54,1014.3,542.6,"[[9, 0], [7, 0], [4, 0]]",0,0.0129
135,1785364539.075,1014.3,554.7,0,0.904,54.3,2.6,54.3,18.99,0.54,1014.3,542.6,"[[9, 0], [6, 0], [4, 0]]",0,0.0129
136,1785364539.087,1024.1,552.8,0,0.895,64.1,0.6,64.1,22.93,0.06,1024.1,540.6,"[[10, 0], [7, 0], [5, 0], [1, 0]]",0,0.0126
137,1785364539.102,1024.1,552.8,0,0.895,64.1,0.6,64.1,22.44,0.12,1024.1,540.6,"[[10, 0], [7, 0], [5, 0], [1, 0]]",0,0.0147
138,1785364539.116,1024.1,552.8,0,0.895,64.1,0.6,64.1,22.44,0.12,1024.1,540.6,"[[10, 0], [7, 0], [5, 0], [1, 0]]",0,0.0142
139,1785364539.131,1014.9,552.9,0,0.905,54.9,0.6,54.9,18.74,0.13,1014.9,540.6,"[[9, 0], [6, 0], [4, 0]]",0,0.0150
140,1785364539.144,1014.9,552.9,0,0.905,54.9,0.6,54.9,19.20,0.13,1014.9,540.6,"[[9, 0], [6, 0], [4, 0]]",0,0.0125
141,1785364539.155,1004.5,552.8,0,0.906,44.5,0.6,44.5,15.07,0.13,1004.5,540.6,"[[8, 0], [6, 0], [2, 0]]",0,0.0108
142,1785364539.166,1004.5,552.8,0,0.906,44.5,0.6,44.5,15.58,0.13,1004.5,540.6,"[[8, 0], [6, 0], [2, 0]]",0,0.0110
143,1785364539.181,1004.5,552.8,0,0.906,44.5,0.6,44.5,15.58,0.13,1004.5,540.6,"[[8, 0], [6, 0], [2, 0]]",0,0.0152
144,1785364539.193,981.4,552.7,0,0.908,21.4,0.6,21.4,6.34,0.12,981.4,540.6,"[[5, 0], [1, 0]]",0,0.0125
145,1785364539.204,981.4,552.7,0,0.908,21.4,0.6,21.4,7.50,0.12,981.4,540.6,"[[6, 0], [2, 0]]",0,0.0106
146,1785364539.216,981.4,552.7,0,0.908,21.4,0.6,21.4,7.50,0.12,981.4,540.6,"[[6, 0], [2, 0]]",0,0.0119
147,1785364539.225,957.8,539.4,1,0.867,-2.2,-3.6,3.1,-1.96,-0.88,957.8,536.4,"[[-2, -1]]",0,0.0096
148,1785364539.233,957.8,539.4,1,0.867,-2.2,-3.6,3.1,-0.78,-0.76,957.8,536.4,"[[-1, -1]]",0,0.0076
149,1785364539.242,957.8,539.4,1,0.867,-2.2,-3.6,3.1,-0.78,-0.76,957.8,536.4,"[[-1, -1]]",0,0.0093
150,1785364539.253,957.8,539.4,1,0.867,-2.2,-3.6,3.1,-0.78,-0.76,957.8,536.4,"[[-1, -1]]",0,0.0103
151,1785364539.262,934.1,539.5,1,0.870,-25.9,-3.7,26.0,-10.24,-0.78,934.1,536.3,"[[-6, 0], [-4, 0]]",0,0.0097
152,1785364539.275,934.1,539.5,1,0.870,-25.9,-3.7,26.0,-9.06,-0.78,934.1,536.3,"[[-6, -1], [-3, 0]]",0,0.0126
153,1785364539.286,934.1,539.5,1,0.870,-25.9,-3.7,26.0,-9.06,-0.78,934.1,536.3,"[[-6, -1], [-3, 0]]",0,0.0106
154,1785364539.295,914.5,539.3,1,0.878,-45.5,-3.8,45.6,-16.92,-0.81,914.5,536.2,"[[-8, 0], [-6, 0], [-3, 0]]",0,0.0096
155,1785364539.307,914.5,539.3,1,0.878,-45.5,-3.8,45.6,-15.94,-0.81,914.5,536.2,"[[-8, 0], [-6, 0], [-2, 0]]",0,0.0124
156,1785364539.319,900.8,539.5,1,0.865,-59.2,-3.6,59.3,-21.42,-0.74,900.8,536.4,"[[-9, 0], [-7, 0], [-5, 0]]",0,0.0113
157,1785364539.329,900.8,539.5,1,0.865,-59.2,-3.6,59.3,-20.73,-0.75,900.8,536.4,"[[-9, 0], [-7, 0], [-5, 0]]",0,0.0106
158,1785364539.342,900.8,539.5,1,0.865,-59.2,-3.6,59.3,-20.73,-0.75,900.8,536.4,"[[-9, 0], [-7, 0], [-5, 0]]",0,0.0122
159,1785364539.354,898.7,540.9,1,0.876,-61.3,-2.2,61.3,-21.57,-0.41,898.7,537.8,"[[-9, 0], [-7, 0], [-5, 0]]",0,0.0122
160,1785364539.369,898.7,540.9,1,0.876,-61.3,-2.2,61.3,-21.47,-0.46,898.7,537.8,"[[-9, 0], [-7, 0], [-5, 0]]",0,0.0157
161,1785364539.382,898.7,540.9,1,0.876,-61.3,-2.2,61.3,-21.47,-0.46,898.7,537.8,"[[-9, 0], [-7, 0], [-5, 0]]",0,0.0129
162,1785364539.394,903.5,554.8,0,0.900,-56.5,2.7,56.6,-19.54,0.72,903.5,542.7,"[[-9, 0], [-7, 0], [-4, 0]]",0,0.0112
163,1785364539.407,903.5,554.8,0,0.900,-56.5,2.7,56.6,-19.78,0.57,903.5,542.7,"[[-9, 0], [-7, 0], [-4, 0]]",0,0.0133
164,1785364539.419,927.6,555.5,0,0.899,-32.4,3.6,32.5,-10.13,0.78,927.6,543.6,"[[-6, 0], [-4, 0]]",0,0.0126
165,1785364539.429,927.6,555.5,0,0.899,-32.4,3.6,32.5,-11.34,0.75,927.6,543.6,"[[-7, 0], [-5, 0]]",0,0.0093
166,1785364539.440,927.6,555.5,0,0.899,-32.4,3.6,32.5,-11.34,0.75,927.6,543.6,"[[-7, 0], [-5, 0]]",0,0.0112
167,1785364539.453,947.6,555.5,0,0.897,-12.4,3.5,12.5,-3.33,0.73,947.6,543.5,"[[-3, 1]]",0,0.0126
168,1785364539.460,947.3,542.4,1,0.868,-12.7,-0.7,12.7,-4.47,-0.27,947.3,539.3,"[[-4, 0]]",0,0.0073
169,1785364539.468,947.3,542.4,1,0.868,-12.7,-0.7,12.7,-4.45,-0.14,947.3,539.3,"[[-4, 0]]",0,0.0081
170,1785364539.476,947.3,542.4,1,0.868,-12.7,-0.7,12.7,-4.45,-0.14,947.3,539.3,"[[-4, 0]]",0,0.0083
171,1785364539.485,971.1,542.4,1,0.870,11.1,-0.7,11.1,5.07,-0.14,971.1,539.3,"[[5, 0]]",0,0.0084
172,1785364539.492,971.1,542.4,1,0.870,11.1,-0.7,11.1,3.88,-0.14,971.1,539.3,"[[4, 0]]",0,0.0076
173,1785364539.501,971.1,542.4,1,0.870,11.1,-0.7,11.1,3.88,-0.14,971.1,539.3,"[[4, 0]]",0,0.0091
174,1785364539.511,971.1,542.4,1,0.870,11.1,-0.7,11.1,3.88,-0.14,971.1,539.3,"[[4, 0]]",0,0.0094
175,1785364539.519,1005.3,542.4,1,0.877,45.3,-0.6,45.3,17.59,-0.13,1005.3,539.4,"[[8, 0], [6, 0], [3, 0]]",0,0.0080
176,1785364539.534,1005.3,542.4,1,0.877,45.3,-0.6,45.3,15.87,-0.13,1005.3,539.4,"[[8, 0], [6, 0], [2, 0]]",0,0.0154
177,1785364539.547,1005.3,542.4,1,0.877,45.3,-0.6,45.3,15.87,-0.13,1005.3,539.4,"[[8, 0], [6, 0], [2, 0]]",0,0.0132
178,1785364539.559,1015.2,542.4,1,0.717,55.2,-0.7,55.2,19.82,-0.14,1015.2,539.3,"[[9, 0], [7, 0], [4, 0]]",0,0.0119
179,1785364539.573,1015.2,542.4,1,0.717,55.2,-0.7,55.2,19.32,-0.14,1015.2,539.3,"[[9, 0], [6, 0], [4, 0]]",0,0.0143
180,1785364539.588,1028.2,541.7,1,0.876,68.2,-1.3,68.2,24.50,-0.29,1028.2,538.7,"[[10, 0], [7, 0], [6, 0], [1, 0]]",0,0.0149
181,1785364539.603,1028.2,541.7,1,0.876,68.2,-1.3,68.2,23.85,-0.27,1028.2,538.7,"[[10, 0], [7, 0], [5, 0], [1, 0]]",0,0.0148
182,1785364539.617,1022.0,541.8,1,0.884,62.0,-1.2,62.0,21.41,-0.26,1022.0,538.8,"[[9, 0], [7, 0], [5, 0]]",0,0.0142
183,1785364539.629,1022.0,541.8,1,0.884,62.0,-1.2,62.0,21.71,-0.26,1022.0,538.8,"[[9, 0], [7, 0], [5, 0]]",0,0.0119
184,1785364539.643,1022.0,541.8,1,0.884,62.0,-1.2,62.0,21.71,-0.26,1022.0,538.8,"[[9, 0], [7, 0], [5, 0]]",0,0.0137
185,1785364539.655,1004.9,541.8,1,0.879,44.9,-1.3,44.9,14.85,-0.28,1004.9,538.7,"[[8, 0], [6, 0], [2, 0]]",0,0.0120
186,1785364539.667,1004.9,541.8,1,0.879,44.9,-1.3,44.9,15.70,-0.27,1004.9,538.7,"[[8, 0], [6, 0], [2, 0]]",0,0.0123
187,1785364539.679,1004.9,541.8,1,0.879,44.9,-1.3,44.9,15.70,-0.27,1004.9,538.7,"[[8, 0], [6, 0], [2, 0]]",0,0.0120
188,1785364539.690,987.8,541.8,1,0.876,27.8,-1.2,27.8,8.88,-0.24,987.8,538.8,"[[6, 0], [3, 0]]",0,0.0112
189,1785364539.700,987.8,541.8,1,0.876,27.8,-1.2,27.8,9.73,-0.25,987.8,538.8,"[[6, 0], [3, 0]]",0,0.0099
190,1785364539.712,987.8,541.8,1,0.876,27.8,-1.2,27.8,9.73,-0.25,987.8,538.8,"[[6, 0], [3, 0]]",0,0.0116
191,1785364539.722,957.7,541.8,1,0.867,-2.3,-1.2,2.5,-2.33,-0.26,957.7,538.8,"[[-2, 0]]",0,0.0102
192,1785364539.730,957.7,541.8,1,0.867,-2.3,-1.2,2.5,-0.82,-0.26,957.7,538.8,"[[-1, 0]]",0,0.0076
193,1785364539.738,957.7,541.8,1,0.867,-2.3,-1.2,2.5,-0.82,-0.26,957.7,538.8,"[[-1, 0]]",0,0.0086
194,1785364539.748,957.7,541.8,1,0.867,-2.3,-1.2,2.5,-0.82,-0.26,957.7,538.8,"[[-1, 0]]",0,0.0091
195,1785364539.756,930.2,541.8,1,0.882,-29.8,-1.2,29.8,-11.81,-0.26,930.2,538.8,"[[-7, 0], [-5, 0]]",0,0.0083
196,1785364539.766,930.2,541.8,1,0.882,-29.8,-1.2,29.8,-10.44,-0.26,930.2,538.8,"[[-6, 0], [-4, 0]]",0,0.0102
197,1785364539.777,930.2,541.8,1,0.882,-29.8,-1.2,29.8,-10.44,-0.26,930.2,538.8,"[[-6, 0], [-4, 0]]",0,0.0112
198,1785364539.787,912.9,541.8,1,0.805,-47.1,-1.3,47.1,-17.36,-0.28,912.9,538.7,"[[-8, 0], [-6, 0], [-3, 0]]",0,0.0096
199,1785364539.798,912.9,541.8,1,0.805,-47.1,-1.3,47.1,-16.49,-0.27,912.9,538.7,"[[-8, 0], [-6, 0], [-3, 0]]",0,0.0113
200,1785364539.815,912.9,541.8,1,0.805,-47.1,-1.3,47.1,-16.49,-0.27,912.9,538.7,"[[-8, 0], [-6, 0], [-3, 0]]",0,0.0166
201,1785364539.827,897.0,541.7,1,0.829,-63.0,-1.3,63.0,-22.83,-0.27,897.0,538.7,"[[-10, 0], [-7, 0], [-5, 0], [-1, 0]]",0,0.0124
202,1785364539.844,897.0,541.7,1,0.829,-63.0,-1.3,63.0,-22.04,-0.27,897.0,538.7,"[[-9, 0], [-7, 0], [-5, 0]]",0,0.0170
203,1785364539.856,894.8,542.0,1,0.844,-65.2,-1.0,65.2,-22.95,-0.21,894.8,539.0,"[[-10, 0], [-7, 0], [-5, 0], [-1, 0]]",0,0.0115
204,1785364539.874,894.8,542.0,1,0.844,-65.2,-1.0,65.2,-22.83,-0.22,894.8,539.0,"[[-10, 0], [-7, 0], [-5, 0], [-1, 0]]",0,0.0184
205,1785364539.889,908.1,542.0,1,0.868,-51.9,-1.0,51.9,-17.49,-0.22,908.1,539.0,"[[-8, 0], [-6, 0], [-3, 0]]",0,0.0154
206,1785364539.903,908.1,542.0,1,0.868,-51.9,-1.0,51.9,-18.16,-0.22,908.1,539.0,"[[-8, 0], [-6, 0], [-3, 0]]",0,0.0137
207,1785364539.915,908.1,542.0,1,0.868,-51.9,-1.0,51.9,-18.16,-0.22,908.1,539.0,"[[-8, 0], [-6, 0], [-3, 0]]",0,0.0116
208,1785364539.928,925.7,542.0,1,0.876,-34.3,-1.0,34.3,-11.12,-0.21,925.7,539.0,"[[-7, 0], [-5, 0]]",0,0.0132
209,1785364539.938,925.7,542.0,1,0.876,-34.3,-1.0,34.3,-12.00,-0.22,925.7,539.0,"[[-7, 0], [-5, 0]]",0,0.0103
210,1785364539.949,925.7,542.0,1,0.876,-34.3,-1.0,34.3,-12.00,-0.22,925.7,539.0,"[[-7, 0], [-5, 0]]",0,0.0105
211,1785364539.958,950.6,542.3,1,0.830,-9.4,-0.6,9.4,-2.03,-0.12,950.6,539.4,"[[-2, 0]]",0,0.0092
212,1785364539.966,950.6,542.3,1,0.830,-9.4,-0.6,9.4,-3.27,-0.13,950.6,539.4,"[[-3, 0]]",0,0.0078
213,1785364539.976,950.6,542.3,1,0.830,-9.4,-0.6,9.4,-3.27,-0.13,950.6,539.4,"[[-3, 0]]",0,0.0099
214,1785364539.984,969.0,542.3,1,0.827,9.0,-0.7,9.1,4.08,-0.16,969.0,539.3,"[[4, 0]]",0,0.0088
215,1785364539.994,969.0,542.3,1,0.827,9.0,-0.7,9.1,3.16,-0.15,969.0,539.3,"[[3, 0]]",0,0.0092
216,1785364540.001,969.0,542.3,1,0.827,9.0,-0.7,9.1,3.16,-0.15,969.0,539.3,"[[3, 0]]",0,0.0077
217,1785364540.010,969.0,542.3,1,0.827,9.0,-0.7,9.1,3.16,-0.15,969.0,539.3,"[[3, 0]]",0,0.0089
218,1785364540.019,984.0,555.6,0,0.900,24.0,4.1,24.1,9.14,1.00,984.0,544.1,"[[6, 1], [3, 0]]",0,0.0085
219,1785364540.028,984.0,555.6,0,0.900,24.0,4.1,24.1,8.39,0.86,984.0,544.1,"[[6, 1], [3, 0]]",0,0.0090
220,1785364540.039,984.0,555.6,0,0.900,24.0,4.1,24.1,8.39,0.86,984.0,544.1,"[[6, 1], [3, 0]]",0,0.0115
221,1785364540.050,984.0,555.6,0,0.900,24.0,4.1,24.1,8.39,0.86,984.0,544.1,"[[6, 1], [3, 0]]",0,0.0110
222,1785364540.061,998.6,556.1,0,0.897,38.6,4.3,38.7,14.24,0.90,998.6,544.3,"[[7, 0], [5, 0], [1, 0]]",0,0.0104
223,1785364540.075,998.6,556.1,0,0.897,38.6,4.3,38.7,13.51,0.89,998.6,544.3,"[[7, 0], [5, 0], [1, 0]]",0,0.0147
224,1785364540.088,1003.3,556.4,0,0.886,43.3,4.6,43.4,15.39,0.97,1003.3,544.6,"[[8, 0], [6, 0], [2, 0]]",0,0.0127
225,1785364540.102,1003.3,556.4,0,0.886,43.3,4.6,43.4,15.15,0.96,1003.3,544.6,"[[8, 0], [6, 0], [2, 0]]",0,0.0138
226,1785364540.117,1003.3,556.4,0,0.886,43.3,4.6,43.4,15.15,0.96,1003.3,544.6,"[[8, 0], [6, 0], [2, 0]]",0,0.0157
227,1785364540.130,994.8,556.7,0,0.881,34.8,4.8,34.9,11.77,1.01,994.8,544.8,"[[7, 1], [5, 0]]",0,0.0126
228,1785364540.143,994.8,556.7,0,0.881,34.8,4.8,34.9,12.19,1.00,994.8,544.8,"[[7, 1], [5, 0]]",0,0.0131
229,1785364540.154,972.4,542.5,1,0.868,12.4,-0.5,12.4,3.22,-0.27,972.4,539.5,"[[3, 0]]",0,0.0105
230,1785364540.162,972.4,542.5,1,0.868,12.4,-0.5,12.4,4.34,-0.11,972.4,539.5,"[[4, 0]]",0,0.0083
231,1785364540.170,972.4,542.5,1,0.868,12.4,-0.5,12.4,4.34,-0.11,972.4,539.5,"[[4, 0]]",0,0.0079
232,1785364540.178,972.4,542.5,1,0.868,12.4,-0.5,12.4,4.34,-0.11,972.4,539.5,"[[4, 0]]",0,0.0079
233,1785364540.187,949.8,541.9,1,0.842,-10.2,-1.2,10.3,-4.71,-0.28,949.8,538.8,"[[-5, 0]]",0,0.0092
234,1785364540.196,949.8,541.9,1,0.842,-10.2,-1.2,10.3,-3.58,-0.26,949.8,538.8,"[[-4, 0]]",0,0.0085
235,1785364540.204,949.8,541.9,1,0.842,-10.2,-1.2,10.3,-3.58,-0.26,949.8,538.8,"[[-4, 0]]",0,0.0088
236,1785364540.214,949.8,541.9,1,0.842,-10.2,-1.2,10.3,-3.58,-0.26,949.8,538.8,"[[-4, 0]]",0,0.0101
237,1785364540.223,929.1,554.4,0,0.894,-30.9,2.8,31.0,-11.86,0.70,929.1,542.8,"[[-7, 0], [-5, 0]]",0,0.0087
238,1785364540.234,929.1,554.4,0,0.894,-30.9,2.8,31.0,-10.83,0.58,929.1,542.8,"[[-7, 0], [-4, 0]]",0,0.0113
239,1785364540.246,929.1,554.4,0,0.894,-30.9,2.8,31.0,-10.83,0.58,929.1,542.8,"[[-7, 0], [-4, 0]]",0,0.0117
240,1785364540.257,902.8,553.9,0,0.884,-57.2,2.1,57.2,-21.32,0.41,902.8,542.1,"[[-9, 0], [-7, 0], [-5, 0]]",0,0.0107
241,1785364540.268,902.8,553.9,0,0.884,-57.2,2.1,57.2,-20.01,0.43,902.8,542.1,"[[-9, 0], [-7, 0], [-4, 0]]",0,0.0117
242,1785364540.283,902.8,553.9,0,0.884,-57.2,2.1,57.2,-20.01,0.43,902.8,542.1,"[[-9, 0], [-7, 0], [-4, 0]]",0,0.0147
243,1785364540.296,894.1,553.4,0,0.884,-65.9,2.0,65.9,-23.49,0.42,894.1,542.0,"[[-10, 0], [-7, 0], [-5, 0], [-1, 0]]",0,0.0125
244,1785364540.317,894.1,553.4,0,0.884,-65.9,2.0,65.9,-23.06,0.42,894.1,542.0,"[[-10, 0], [-7, 0], [-5, 0], [-1, 0]]",0,0.0211
245,1785364540.331,888.3,552.6,0,0.886,-71.7,0.7,71.7,-25.37,0.12,888.3,540.7,"[[-10, 0], [-8, 0], [-6, 0], [-2, 0]]",0,0.0142
246,1785364540.346,888.3,552.6,0,0.886,-71.7,0.7,71.7,-25.08,0.16,888.3,540.7,"[[-10, 0], [-8, 0], [-6, 0], [-2, 0]]",0,0.0153
247,1785364540.364,894.9,552.8,0,0.881,-65.1,0.5,65.1,-22.46,0.11,894.9,540.5,"[[-10, 0], [-7, 0], [-5, 0], [-1, 0]]",0,0.0177
248,1785364540.378,894.9,552.8,0,0.881,-65.1,0.5,65.1,-22.79,0.11,894.9,540.5,"[[-10, 0], [-7, 0], [-5, 0], [-1, 0]]",0,0.0143
249,1785364540.394,915.6,552.7,0,0.894,-44.4,0.4,44.4,-14.49,0.09,915.6,540.4,"[[-7, 0], [-6, 0], [-1, 0]]",0,0.0157
250,1785364540.406,915.6,552.7,0,0.894,-44.4,0.4,44.4,-15.52,0.09,915.6,540.4,"[[-8, 0], [-6, 0], [-2, 0]]",0,0.0116
251,1785364540.419,932.6,552.9,0,0.886,-27.4,0.6,27.4,-8.75,0.14,932.6,540.6,"[[-6, 0], [-3, 0]]",0,0.0133
252,1785364540.429,932.6,552.9,0,0.886,-27.4,0.6,27.4,-9.59,0.13,932.6,540.6,"[[-6, 0], [-3, 0]]",0,0.0100
253,1785364540.441,932.6,552.9,0,0.886,-27.4,0.6,27.4,-9.59,0.13,932.6,540.6,"[[-6, 0], [-3, 0]]",0,0.0123
254,1785364540.452,952.6,552.8,0,0.880,-7.4,0.7,7.4,-1.58,0.14,952.6,540.7,"[[-2, 0]]",0,0.0104
255,1785364540.460,952.6,552.8,0,0.880,-7.4,0.7,7.4,-2.58,0.14,952.6,540.7,"[[-3, 0]]",0,0.0083
256,1785364540.468,952.6,552.8,0,0.880,-7.4,0.7,7.4,-2.58,0.14,952.6,540.7,"[[-3, 0]]",0,0.0083
257,1785364540.478,952.6,552.8,0,0.880,-7.4,0.7,7.4,-2.58,0.14,952.6,540.7,"[[-3, 0]]",0,0.0100
258,1785364540.486,975.1,552.7,0,0.878,15.1,0.9,15.1,6.41,0.21,975.1,540.9,"[[5, 0], [1, 0]]",0,0.0081
259,1785364540.495,975.1,552.7,0,0.878,15.1,0.9,15.1,5.29,0.20,975.1,540.9,"[[5, 0]]",0,0.0087
260,1785364540.503,975.1,552.7,0,0.878,15.1,0.9,15.1,5.29,0.20,975.1,540.9,"[[5, 0]]",0,0.0077
261,1785364540.512,975.1,552.7,0,0.878,15.1,0.9,15.1,5.29,0.20,975.1,540.9,"[[5, 0]]",0,0.0091
262,1785364540.520,1000.6,553.0,0,0.857,40.6,1.3,40.6,15.48,0.27,1000.6,541.3,"[[8, 0], [6, 0], [2, 0]]",0,0.0084
263,1785364540.533,1000.6,553.0,0,0.857,40.6,1.3,40.6,14.21,0.27,1000.6,541.3,"[[7, 0], [5, 0], [1, 0]]",0,0.0127
264,1785364540.544,1000.6,553.0,0,0.857,40.6,1.3,40.6,14.21,0.27,1000.6,541.3,"[[7, 0], [5, 0], [1, 0]]",0,0.0113
265,1785364540.555,1008.9,553.2,0,0.879,48.9,1.3,48.9,17.51,0.27,1008.9,541.3,"[[8, 0], [6, 0], [3, 0]]",0,0.0110
266,1785364540.567,1008.9,553.2,0,0.879,48.9,1.3,48.9,17.10,0.27,1008.9,541.3,"[[8, 0], [6, 0], [3, 0]]",0,0.0114
267,1785364540.579,1008.9,553.2,0,0.879,48.9,1.3,48.9,17.10,0.27,1008.9,541.3,"[[8, 0], [6, 0], [3, 0]]",0,0.0128
268,1785364540.591,1018.7,553.4,0,0.887,58.7,1.1,58.7,21.05,0.24,1018.7,541.1,"[[9, 0], [7, 0], [5, 0]]",0,0.0116
269,1785364540.603,1018.7,553.4,0,0.887,58.7,1.1,58.7,20.56,0.24,1018.7,541.1,"[[9, 0], [7, 0], [5, 0]]",0,0.0118
270,1785364540.616,1018.7,553.4,0,0.887,58.7,1.1,58.7,20.56,0.24,1018.7,541.1,"[[9, 0], [7, 0], [5, 0]]",0,0.0136
271,1785364540.630,1012.0,552.8,0,0.885,52.0,0.7,52.0,17.85,0.13,1012.0,540.7,"[[8, 0], [6, 0], [3, 0]]",0,0.0132
272,1785364540.644,1012.0,552.8,0,0.885,52.0,0.7,52.0,18.19,0.14,1012.0,540.7,"[[8, 0], [6, 0], [3, 0]]",0,0.0143
273,1785364540.655,993.2,553.0,0,0.889,33.2,0.7,33.2,10.69,0.16,993.2,540.7,"[[6, 0], [4, 0]]",0,0.0110
274,1785364540.665,993.2,553.0,0,0.889,33.2,0.7,33.2,11.63,0.15,993.2,540.7,"[[7, 0], [5, 0]]",0,0.0097
275,1785364540.676,993.2,553.0,0,0.889,33.2,0.7,33.2,11.63,0.15,993.2,540.7,"[[7, 0], [5, 0]]",0,0.0112
276,1785364540.686,974.7,552.5,0,0.889,14.7,0.5,14.7,4.21,0.09,974.7,540.5,"[[4, 0]]",0,0.0099
277,1785364540.693,974.7,552.5,0,0.889,14.7,0.5,14.7,5.14,0.10,974.7,540.5,"[[5, 0]]",0,0.0078
278,1785364540.701,974.7,552.5,0,0.889,14.7,0.5,14.7,5.14,0.10,974.7,540.5,"[[5, 0]]",0,0.0078
279,1785364540.710,974.7,552.5,0,0.889,14.7,0.5,14.7,5.14,0.10,974.7,540.5,"[[5, 0]]",0,0.0089
280,1785364540.719,956.6,539.4,1,0.841,-3.4,-3.6,4.1,-2.10,-0.88,956.6,536.4,"[[-2, -1]]",0,0.0084
281,1785364540.726,956.6,539.4,1,0.841,-3.4,-3.6,4.1,-1.20,-0.76,956.6,536.4,"[[-1, -1]]",0,0.0076
282,1785364540.734,956.6,539.4,1,0.841,-3.4,-3.6,4.1,-1.20,-0.76,956.6,536.4,"[[-1, -1]]",0,0.0081
283,1785364540.744,956.6,539.4,1,0.841,-3.4,-3.6,4.1,-1.20,-0.76,956.6,536.4,"[[-1, -1]]",0,0.0095
284,1785364540.752,921.1,539.4,1,0.814,-38.9,-3.7,39.0,-15.40,-0.78,921.1,536.3,"[[-8, 0], [-6, 0], [-2, 0]]",0,0.0081
285,1785364540.764,921.1,539.4,1,0.814,-38.9,-3.7,39.0,-13.62,-0.77,921.1,536.3,"[[-7, 0], [-5, 0], [-1, 0]]",0,0.0117
286,1785364540.777,921.1,539.4,1,0.814,-38.9,-3.7,39.0,-13.62,-0.77,921.1,536.3,"[[-7, 0], [-5, 0], [-1, 0]]",0,0.0133
287,1785364540.789,905.0,539.4,1,0.762,-55.0,-3.6,55.1,-20.07,-0.76,905.0,536.4,"[[-9, 0], [-7, 0], [-5, 0]]",0,0.0122
288,1785364540.802,905.0,539.4,1,0.762,-55.0,-3.6,55.1,-19.26,-0.76,905.0,536.4,"[[-9, 0], [-6, 0], [-4, 0]]",0,0.0133
289,1785364540.816,905.0,539.4,1,0.762,-55.0,-3.6,55.1,-19.26,-0.76,905.0,536.4,"[[-9, 0], [-6, 0], [-4, 0]]",0,0.0134
290,1785364540.828,896.6,552.4,0,0.884,-63.4,0.5,63.4,-22.60,0.23,896.6,540.5,"[[-10, 0], [-7, 0], [-5, 0], [-1, 0]]",0,0.0117
291,1785364540.841,896.6,552.4,0,0.884,-63.4,0.5,63.4,-22.19,0.10,896.6,540.5,"[[-10, 0], [-7, 0], [-5, 0]]",0,0.0137
292,1785364540.855,899.3,554.4,0,0.896,-60.7,2.3,60.7,-21.12,0.54,899.3,542.3,"[[-9, 0], [-7, 0], [-5, 0]]",0,0.0142
293,1785364540.869,899.3,554.4,0,0.896,-60.7,2.3,60.7,-21.25,0.49,899.3,542.3,"[[-9, 0], [-7, 0], [-5, 0]]",0,0.0134
294,1785364540.881,899.3,554.4,0,0.896,-60.7,2.3,60.7,-21.25,0.49,899.3,542.3,"[[-9, 0], [-7, 0], [-5, 0]]",0,0.0125
295,1785364540.893,912.4,554.2,0,0.883,-47.6,2.3,47.6,-16.00,0.47,912.4,542.3,"[[-8, 0], [-6, 0], [-2, 0]]",0,0.0117
296,1785364540.910,912.4,554.2,0,0.883,-47.6,2.3,47.6,-16.66,0.48,912.4,542.3,"[[-8, 0], [-6, 0], [-3, 0]]",0,0.0171
297,1785364540.922,937.5,554.5,0,0.884,-22.5,2.4,22.6,-6.63,0.52,937.5,542.4,"[[-5, 0], [-1, 0]]",0,0.0118
298,1785364540.932,937.5,554.5,0,0.884,-22.5,2.4,22.6,-7.88,0.51,937.5,542.4,"[[-6, 0], [-2, 0]]",0,0.0096
299,1785364540.943,937.5,554.5,0,0.884,-22.5,2.4,22.6,-7.88,0.51,937.5,542.4,"[[-6, 0], [-2, 0]]",0,0.0118
300,1785364540.953,961.0,541.3,1,0.801,1.0,-1.8,1.5,1.52,-0.50,961.0,538.2,"[[2, -1]]",0,0.0099
301,1785364540.962,961.0,541.3,1,0.801,1.0,-1.8,1.5,0.34,-0.37,961.0,538.2,"[]",0,0.0085
302,1785364540.970,961.0,541.3,1,0.801,1.0,-1.8,1.5,0.34,-0.37,961.0,538.2,"[]",0,0.0085
303,1785364540.979,961.0,541.3,1,0.801,1.0,-1.8,1.5,0.34,-0.37,961.0,538.2,"[]",0,0.0091
304,1785364540.987,986.0,541.1,1,0.865,26.0,-2.0,26.0,10.36,-0.42,986.0,538.0,"[[6, 0], [4, 0]]",0,0.0075
305,1785364540.996,986.0,541.1,1,0.865,26.0,-2.0,26.0,9.11,-0.41,986.0,538.0,"[[6, 0], [3, 0]]",0,0.0090
306,1785364541.005,986.0,541.1,1,0.865,26.0,-2.0,26.0,9.11,-0.41,986.0,538.0,"[[6, 0], [3, 0]]",0,0.0095
307,1785364541.016,986.0,541.1,1,0.865,26.0,-2.0,26.0,9.11,-0.41,986.0,538.0,"[[6, 0], [3, 0]]",0,0.0111
308,1785364541.027,1006.9,541.0,1,0.751,46.9,-2.0,46.9,17.47,-0.43,1006.9,538.0,"[[8, 0], [6, 0], [3, 0]]",0,0.0109
309,1785364541.040,1006.9,541.0,1,0.751,46.9,-2.0,46.9,16.43,-0.43,1006.9,538.0,"[[8, 0], [6, 0], [3, 0]]",0,0.0131
310,1785364541.053,1006.9,541.0,1,0.751,46.9,-2.0,46.9,16.43,-0.43,1006.9,538.0,"[[8, 0], [6, 0], [3, 0]]",0,0.0129
311,1785364541.068,1021.8,541.2,1,0.855,61.8,-1.9,61.8,22.38,-0.39,1021.8,538.1,"[[10, 0], [7, 0], [5, 0], [1, 0]]",0,0.0148
312,1785364541.083,1021.8,541.2,1,0.855,61.8,-1.9,61.8,21.64,-0.40,1021.8,538.1,"[[9, 0], [7, 0], [5, 0]]",0,0.0152
313,1785364541.096,1020.9,541.7,1,0.852,60.9,-1.2,60.9,21.25,-0.24,1020.9,538.8,"[[9, 0], [7, 0], [5, 0]]",0,0.0124
314,1785364541.110,1020.9,541.7,1,0.852,60.9,-1.2,60.9,21.30,-0.26,1020.9,538.8,"[[9, 0], [7, 0], [5, 0]]",0,0.0146
315,1785364541.124,1008.5,554.9,0,0.884,48.5,2.9,48.5,16.36,0.72,1008.5,542.9,"[[8, 0], [6, 0], [2, 0]]",0,0.0137
316,1785364541.136,1008.5,554.9,0,0.884,48.5,2.9,48.5,16.98,0.60,1008.5,542.9,"[[8, 0], [6, 0], [3, 0]]",0,0.0121
317,1785364541.149,1008.5,554.9,0,0.884,48.5,2.9,48.5,16.98,0.60,1008.5,542.9,"[[8, 0], [6, 0], [3, 0]]",0,0.0131
318,1785364541.162,989.8,555.0,0,0.885,29.8,3.0,29.8,9.48,0.63,989.8,543.0,"[[6, 0], [3, 0]]",0,0.0122
319,1785364541.173,989.8,555.0,0,0.885,29.8,3.0,29.8,10.41,0.62,989.8,543.0,"[[6, 0], [4, 0]]",0,0.0113
320,1785364541.186,989.8,555.0,0,0.885,29.8,3.0,29.8,10.41,0.62,989.8,543.0,"[[6, 0], [4, 0]]",0,0.0135
321,1785364541.198,970.4,541.7,1,0.865,10.4,-1.2,10.4,2.66,-0.38,970.4,538.8,"[[3, 0]]",0,0.0115
322,1785364541.208,970.4,541.7,1,0.865,10.4,-1.2,10.4,3.63,-0.26,970.4,538.8,"[[4, 0]]",0,0.0097
323,1785364541.219,970.4,541.7,1,0.865,10.4,-1.2,10.4,3.63,-0.26,970.4,538.8,"[[4, 0]]",0,0.0117
324,1785364541.227,948.7,542.0,1,0.865,-11.3,-1.1,11.3,-5.04,-0.22,948.7,538.9,"[[-5, 0]]",0,0.0077
325,1785364541.236,948.7,542.0,1,0.865,-11.3,-1.1,11.3,-3.95,-0.22,948.7,538.9,"[[-4, 0]]",0,0.0092
326,1785364541.244,948.7,542.0,1,0.865,-11.3,-1.1,11.3,-3.95,-0.22,948.7,538.9,"[[-4, 0]]",0,0.0083
327,1785364541.252,931.3,542.6,1,0.863,-28.7,-0.5,28.7,-10.91,-0.08,931.3,539.5,"[[-7, 0], [-4, 0]]",0,0.0080
328,1785364541.262,931.3,542.6,1,0.863,-28.7,-0.5,28.7,-10.04,-0.10,931.3,539.5,"[[-6, 0], [-4, 0]]",0,0.0095
329,1785364541.274,931.3,542.6,1,0.863,-28.7,-0.5,28.7,-10.04,-0.10,931.3,539.5,"[[-6, 0], [-4, 0]]",0,0.0117
330,1785364541.284,918.1,543.1,1,0.864,-41.9,0.1,41.9,-15.33,0.03,918.1,540.1,"[[-8, 0], [-6, 0], [-2, 0]]",0,0.0101
331,1785364541.296,918.1,543.1,1,0.864,-41.9,0.1,41.9,-14.67,0.01,918.1,540.1,"[[-8, 0], [-6, 0], [-2, 0]]",0,0.0123
332,1785364541.310,918.1,543.1,1,0.864,-41.9,0.1,41.9,-14.67,0.01,918.1,540.1,"[[-8, 0], [-6, 0], [-2, 0]]",0,0.0135
333,1785364541.322,915.2,543.3,1,0.881,-44.8,0.3,44.8,-15.81,0.08,915.2,540.3,"[[-8, 0], [-6, 0], [-2, 0]]",0,0.0120
334,1785364541.335,915.2,543.3,1,0.881,-44.8,0.3,44.8,-15.67,0.07,915.2,540.3,"[[-8, 0], [-6, 0], [-2, 0]]",0,0.0134
335,1785364541.350,915.2,543.3,1,0.881,-44.8,0.3,44.8,-15.67,0.07,915.2,540.3,"[[-8, 0], [-6, 0], [-2, 0]]",0,0.0154
336,1785364541.363,922.6,543.3,1,0.879,-37.4,0.2,37.4,-12.72,0.03,922.6,540.2,"[[-7, 0], [-5, 0], [-1, 0]]",0,0.0124
337,1785364541.377,922.6,543.3,1,0.879,-37.4,0.2,37.4,-13.09,0.04,922.6,540.2,"[[-7, 0], [-5, 0], [-1, 0]]",0,0.0146
338,1785364541.390,945.5,555.6,0,0.893,-14.5,4.1,14.7,-3.91,0.99,945.5,544.1,"[[-4, 1]]",0,0.0121
339,1785364541.398,945.5,555.6,0,0.893,-14.5,4.1,14.7,-5.06,0.87,945.5,544.1,"[[-5, 1]]",0,0.0084
340,1785364541.407,945.5,555.6,0,0.893,-14.5,4.1,14.7,-5.06,0.87,945.5,544.1,"[[-5, 1]]",0,0.0087
341,1785364541.417,945.5,555.6,0,0.893,-14.5,4.1,14.7,-5.06,0.87,945.5,544.1,"[[-5, 1]]",0,0.0100
342,1785364541.425,973.7,554.9,0,0.872,13.7,3.4,13.9,6.21,0.70,973.7,543.4,"[[5, 1], [1, 0]]",0,0.0079
343,1785364541.434,973.1,542.5,1,0.847,13.1,-0.5,13.1,4.54,-0.23,973.1,539.5,"[[5, 0]]",0,0.0091
344,1785364541.444,973.1,542.5,1,0.847,13.1,-0.5,13.1,4.57,-0.11,973.1,539.5,"[[5, 0]]",0,0.0099
345,1785364541.452,996.2,542.6,1,0.852,36.2,-0.4,36.2,13.81,-0.08,996.2,539.6,"[[7, 0], [5, 0], [1, 0]]",0,0.0088
346,1785364541.466,996.2,542.6,1,0.852,36.2,-0.4,36.2,12.65,-0.09,996.2,539.6,"[[7, 0], [5, 0]]",0,0.0136
347,1785364541.477,996.2,542.6,1,0.852,36.2,-0.4,36.2,12.65,-0.09,996.2,539.6,"[[7, 0], [5, 0]]",0,0.0106
348,1785364541.486,1020.4,543.0,1,0.852,60.4,0.1,60.4,22.34,0.03,1020.4,540.1,"[[10, 0], [7, 0], [5, 0], [1, 0]]",0,0.0096
349,1785364541.500,1020.4,543.0,1,0.852,60.4,0.1,60.4,21.13,0.02,1020.4,540.1,"[[9, 0], [7, 0], [5, 0]]",0,0.0142
350,1785364541.514,1020.4,543.0,1,0.852,60.4,0.1,60.4,21.13,0.02,1020.4,540.1,"[[9, 0], [7, 0], [5, 0]]",0,0.0134
351,1785364541.526,1037.3,541.7,1,0.867,77.3,-1.4,77.3,27.91,-0.34,1037.3,538.6,"[[11, 0], [8, 0], [6, 0], [3, 0]]",0,0.0122
352,1785364541.542,1037.3,541.7,1,0.867,77.3,-1.4,77.3,27.06,-0.30,1037.3,538.6,"[[11, 0], [8, 0], [6, 0], [2, 0]]",0,0.0166
353,1785364541.558,1038.9,539.7,1,0.834,78.9,-3.5,78.9,27.69,-0.80,1038.9,536.5,"[[11, 0], [8, 0], [6, 0], [3, 0]]",0,0.0154
354,1785364541.573,1038.9,539.7,1,0.834,78.9,-3.5,78.9,27.61,-0.74,1038.9,536.5,"[[11, 0], [8, 0], [6, 0], [3, 0]]",0,0.0153
355,1785364541.590,1029.8,539.4,1,0.869,69.8,-3.7,69.8,23.97,-0.79,1029.8,536.3,"[[10, 0], [7, 0], [5, 0], [1, 0]]",0,0.0164
356,1785364541.608,1029.8,539.4,1,0.869,69.8,-3.7,69.8,24.42,-0.78,1029.8,536.3,"[[10, 0], [7, 0], [5, 0], [1, 0]]",0,0.0186
357,1785364541.626,1010.8,538.9,1,0.878,50.8,-4.3,50.9,16.85,-0.93,1010.8,535.7,"[[8, 0], [6, 0], [3, 0]]",0,0.0177
358,1785364541.643,1010.8,538.9,1,0.878,50.8,-4.3,50.9,17.80,-0.91,1010.8,535.7,"[[8, 0], [6, 0], [3, 0]]",0,0.0171
359,1785364541.657,981.7,539.1,1,0.877,21.7,-4.0,21.8,6.13,-0.84,981.7,536.0,"[[5, -1], [1, 0]]",0,0.0135
360,1785364541.667,981.7,539.1,1,0.877,21.7,-4.0,21.8,7.59,-0.85,981.7,536.0,"[[6, -1], [2, 0]]",0,0.0107
361,1785364541.678,981.7,539.1,1,0.877,21.7,-4.0,21.8,7.59,-0.85,981.7,536.0,"[[6, -1], [2, 0]]",0,0.0106
362,1785364541.688,953.2,539.4,1,0.826,-6.8,-3.8,7.2,-3.81,-0.79,953.2,536.2,"[[-4, -1]]",0,0.0101
363,1785364541.697,953.2,539.4,1,0.826,-6.8,-3.8,7.2,-2.38,-0.79,953.2,536.2,"[[-2, -1]]",0,0.0091
364,1785364541.706,953.2,539.4,1,0.826,-6.8,-3.8,7.2,-2.38,-0.79,953.2,536.2,"[[-2, -1]]",0,0.0094
365,1785364541.716,953.2,539.4,1,0.826,-6.8,-3.8,7.2,-2.38,-0.79,953.2,536.2,"[[-2, -1]]",0,0.0092
366,1785364541.726,937.3,540.1,1,0.748,-22.7,-3.0,22.8,-8.75,-0.60,937.3,537.0,"[[-6, 0], [-3, 0]]",0,0.0106
367,1785364541.737,937.3,540.1,1,0.748,-22.7,-3.0,22.8,-7.95,-0.63,937.3,537.0,"[[-6, 0], [-2, 0]]",0,0.0106
368,1785364541.750,937.3,540.1,1,0.748,-22.7,-3.0,22.8,-7.95,-0.63,937.3,537.0,"[[-6, 0], [-2, 0]]",0,0.0130
369,1785364541.762,918.5,540.1,1,0.803,-41.5,-3.0,41.5,-15.45,-0.62,918.5,537.0,"[[-8, 0], [-6, 0], [-2, 0]]",0,0.0120
370,1785364541.776,918.5,540.1,1,0.803,-41.5,-3.0,41.5,-14.51,-0.62,918.5,537.0,"[[-7, 0], [-6, 0], [-1, 0]]",0,0.0139
371,1785364541.790,908.2,541.2,1,0.864,-51.8,-1.9,51.8,-18.64,-0.36,908.2,538.1,"[[-9, 0], [-6, 0], [-4, 0]]",0,0.0143
372,1785364541.803,908.2,541.2,1,0.864,-51.8,-1.9,51.8,-18.12,-0.40,908.2,538.1,"[[-8, 0], [-6, 0], [-3, 0]]",0,0.0131
373,1785364541.816,908.2,541.2,1,0.864,-51.8,-1.9,51.8,-18.12,-0.40,908.2,538.1,"[[-8, 0], [-6, 0], [-3, 0]]",0,0.0133
374,1785364541.831,908.1,542.6,1,0.867,-51.9,-0.5,51.9,-18.16,-0.05,908.1,539.5,"[[-8, 0], [-6, 0], [-3, 0]]",0,0.0147
375,1785364541.844,908.1,542.6,1,0.867,-51.9,-0.5,51.9,-18.15,-0.09,908.1,539.5,"[[-8, 0], [-6, 0], [-3, 0]]",0,0.0128
376,1785364541.856,916.9,542.9,1,0.857,-43.1,-0.2,43.1,-14.65,-0.03,916.9,539.8,"[[-8, 0], [-6, 0], [-2, 0]]",0,0.0121
377,1785364541.870,916.9,542.9,1,0.857,-43.1,-0.2,43.1,-15.09,-0.04,916.9,539.8,"[[-8, 0], [-6, 0], [-2, 0]]",0,0.0141
378,1785364541.884,916.9,542.9,1,0.857,-43.1,-0.2,43.1,-15.09,-0.04,916.9,539.8,"[[-8, 0], [-6, 0], [-2, 0]]",0,0.0139
379,1785364541.897,931.4,542.6,1,0.871,-28.6,-0.5,28.6,-9.30,-0.11,931.4,539.5,"[[-6, 0], [-3, 0]]",0,0.0134
380,1785364541.909,931.4,542.6,1,0.871,-28.6,-0.5,28.6,-10.03,-0.10,931.4,539.5,"[[-6, 0], [-4, 0]]",0,0.0115
381,1785364541.921,951.2,542.6,1,0.719,-8.8,-0.4,8.8,-2.09,-0.09,951.2,539.6,"[[-2, 0]]",0,0.0121
382,1785364541.930,951.2,542.6,1,0.719,-8.8,-0.4,8.8,-3.08,-0.09,951.2,539.6,"[[-3, 0]]",0,0.0086
383,1785364541.941,951.2,542.6,1,0.719,-8.8,-0.4,8.8,-3.08,-0.09,951.2,539.6,"[[-3, 0]]",0,0.0117
384,1785364541.950,951.2,542.6,1,0.719,-8.8,-0.4,8.8,-3.08,-0.09,951.2,539.6,"[[-3, 0]]",0,0.0089
385,1785364541.959,973.7,542.6,1,0.867,13.7,-0.5,13.7,5.92,-0.11,973.7,539.5,"[[5, 0], [1, 0]]",0,0.0089
386,1785364541.971,973.7,542.6,1,0.867,13.7,-0.5,13.7,4.79,-0.11,973.7,539.5,"[[5, 0]]",0,0.0121
387,1785364541.979,973.7,542.6,1,0.867,13.7,-0.5,13.7,4.79,-0.11,973.7,539.5,"[[5, 0]]",0,0.0082
388,1785364541.987,989.9,542.4,1,0.875,29.9,-0.6,29.9,11.29,-0.13,989.9,539.4,"[[7, 0], [5, 0]]",0,0.0080
389,1785364541.997,989.9,542.4,1,0.875,29.9,-0.6,29.9,10.48,-0.13,989.9,539.4,"[[6, 0], [4, 0]]",0,0.0094
390,1785364542.010,989.9,542.4,1,0.875,29.9,-0.6,29.9,10.48,-0.13,989.9,539.4,"[[6, 0], [4, 0]]",0,0.0130
391,1785364542.021,1006.3,542.5,1,0.864,46.3,-0.6,46.3,17.04,-0.12,1006.3,539.4,"[[8, 0], [6, 0], [3, 0]]",0,0.0115
392,1785364542.034,1006.3,542.5,1,0.864,46.3,-0.6,46.3,16.22,-0.12,1006.3,539.4,"[[8, 0], [6, 0], [2, 0]]",0,0.0127
393,1785364542.047,1006.3,542.5,1,0.864,46.3,-0.6,46.3,16.22,-0.12,1006.3,539.4,"[[8, 0], [6, 0], [2, 0]]",0,0.0132
394,1785364542.059,1008.8,542.4,1,0.756,48.8,-0.6,48.8,17.21,-0.12,1008.8,539.4,"[[8, 0], [6, 0], [3, 0]]",0,0.0114
395,1785364542.072,1008.8,542.4,1,0.756,48.8,-0.6,48.8,17.09,-0.12,1008.8,539.4,"[[8, 0], [6, 0], [3, 0]]",0,0.0134
396,1785364542.086,1008.8,542.4,1,0.756,48.8,-0.6,48.8,17.09,-0.12,1008.8,539.4,"[[8, 0], [6, 0], [3, 0]]",0,0.0139
397,1785364542.098,1008.8,542.4,1,0.754,48.8,-0.6,48.8,17.09,-0.13,1008.8,539.4,"[[8, 0], [6, 0], [3, 0]]",0,0.0118
398,1785364542.110,1008.8,542.4,1,0.754,48.8,-0.6,48.8,17.09,-0.12,1008.8,539.4,"[[8, 0], [6, 0], [3, 0]]",0,0.0126
399,1785364542.123,990.9,542.5,1,0.817,30.9,-0.5,30.9,9.93,-0.11,990.9,539.5,"[[6, 0], [4, 0]]",0,0.0122
400,1785364542.133,990.9,542.5,1,0.817,30.9,-0.5,30.9,10.83,-0.11,990.9,539.5,"[[7, 0], [4, 0]]",0,0.0103
401,1785364542.144,990.9,542.5,1,0.817,30.9,-0.5,30.9,10.83,-0.11,990.9,539.5,"[[7, 0], [4, 0]]",0,0.0111
402,1785364542.154,973.6,542.6,1,0.870,13.6,-0.5,13.6,3.91,-0.11,973.6,539.5,"[[4, 0]]",0,0.0104
403,1785364542.163,973.6,542.6,1,0.870,13.6,-0.5,13.6,4.78,-0.11,973.6,539.5,"[[5, 0]]",0,0.0083
404,1785364542.171,973.6,542.6,1,0.870,13.6,-0.5,13.6,4.78,-0.11,973.6,539.5,"[[5, 0]]",0,0.0081
405,1785364542.181,973.6,542.6,1,0.870,13.6,-0.5,13.6,4.78,-0.11,973.6,539.5,"[[5, 0]]",0,0.0102
406,1785364542.189,950.4,542.5,1,0.863,-9.6,-0.5,9.7,-4.54,-0.11,950.4,539.5,"[[-5, 0]]",0,0.0084
407,1785364542.198,950.4,542.5,1,0.863,-9.6,-0.5,9.7,-3.38,-0.11,950.4,539.5,"[[-3, 0]]",0,0.0087
408,1785364542.209,950.4,542.5,1,0.863,-9.6,-0.5,9.7,-3.38,-0.11,950.4,539.5,"[[-3, 0]]",0,0.0105
409,1785364542.217,950.4,542.5,1,0.863,-9.6,-0.5,9.7,-3.38,-0.11,950.4,539.5,"[[-3, 0]]",0,0.0088
410,1785364542.227,930.8,542.3,1,0.867,-29.2,-0.7,29.2,-11.18,-0.15,930.8,539.3,"[[-7, 0], [-5, 0]]",0,0.0096
411,1785364542.241,930.8,542.3,1,0.867,-29.2,-0.7,29.2,-10.20,-0.15,930.8,539.3,"[[-6, 0], [-4, 0]]",0,0.0137
412,1785364542.254,930.8,542.3,1,0.867,-29.2,-0.7,29.2,-10.20,-0.15,930.8,539.3,"[[-6, 0], [-4, 0]]",0,0.0135
413,1785364542.268,913.6,542.4,1,0.866,-46.4,-0.6,46.4,-17.11,-0.13,913.6,539.4,"[[-8, 0], [-6, 0], [-3, 0]]",0,0.0137
414,1785364542.282,913.6,542.4,1,0.866,-46.4,-0.6,46.4,-16.25,-0.13,913.6,539.4,"[[-8, 0], [-6, 0], [-2, 0]]",0,0.0144
415,1785364542.298,905.1,542.4,1,0.839,-54.9,-0.6,54.9,-19.63,-0.12,905.1,539.4,"[[-9, 0], [-7, 0], [-4, 0]]",0,0.0155
416,1785364542.314,905.1,542.4,1,0.839,-54.9,-0.6,54.9,-19.20,-0.12,905.1,539.4,"[[-9, 0], [-6, 0], [-4, 0]]",0,0.0159
417,1785364542.328,907.7,542.4,1,0.873,-52.3,-0.6,52.3,-18.19,-0.13,907.7,539.4,"[[-8, 0], [-6, 0], [-3, 0]]",0,0.0137
418,1785364542.340,907.7,542.4,1,0.873,-52.3,-0.6,52.3,-18.31,-0.13,907.7,539.4,"[[-9, 0], [-6, 0], [-4, 0]]",0,0.0128
419,1785364542.356,919.7,555.5,0,0.896,-40.3,3.6,40.3,-13.50,0.87,919.7,543.6,"[[-7, 0], [-5, 0], [-1, 0]]",0,0.0157
420,1785364542.368,919.7,555.5,0,0.896,-40.3,3.6,40.3,-14.10,0.75,919.7,543.6,"[[-7, 0], [-5, 0], [-1, 0]]",0,0.0120
421,1785364542.382,919.7,555.5,0,0.896,-40.3,3.6,40.3,-14.10,0.75,919.7,543.6,"[[-7, 0], [-5, 0], [-1, 0]]",0,0.0138
422,1785364542.395,931.3,555.5,0,0.890,-28.7,3.5,28.8,-9.48,0.72,931.3,543.5,"[[-6, 0], [-3, 0]]",0,0.0128
423,1785364542.405,931.3,555.5,0,0.890,-28.7,3.5,28.8,-10.05,0.73,931.3,543.5,"[[-6, 0], [-4, 0]]",0,0.0098
424,1785364542.418,931.3,555.5,0,0.890,-28.7,3.5,28.8,-10.05,0.73,931.3,543.5,"[[-6, 0], [-4, 0]]",0,0.0130
425,1785364542.430,949.1,542.4,1,0.875,-10.9,-0.5,10.9,-2.94,-0.23,949.1,539.5,"[[-3, 0]]",0,0.0120
426,1785364542.442,949.1,542.4,1,0.875,-10.9,-0.5,10.9,-3.83,-0.11,949.1,539.5,"[[-4, 0]]",0,0.0123
427,1785364542.455,949.1,542.4,1,0.875,-10.9,-0.5,10.9,-3.83,-0.11,949.1,539.5,"[[-4, 0]]",0,0.0131
428,1785364542.463,972.7,542.5,1,0.868,12.7,-0.5,12.7,5.64,-0.11,972.7,539.5,"[[5, 0]]",0,0.0082
429,1785364542.473,972.7,542.5,1,0.868,12.7,-0.5,12.7,4.46,-0.11,972.7,539.5,"[[4, 0]]",0,0.0093
430,1785364542.483,972.7,542.5,1,0.868,12.7,-0.5,12.7,4.46,-0.11,972.7,539.5,"[[4, 0]]",0,0.0101
431,1785364542.492,986.1,542.2,1,0.875,26.1,-0.8,26.1,9.79,-0.17,986.1,539.2,"[[6, 0], [4, 0]]",0,0.0094
432,1785364542.503,986.1,542.2,1,0.875,26.1,-0.8,26.1,9.13,-0.16,986.1,539.2,"[[6, 0], [3, 0]]",0,0.0110
433,1785364542.513,986.1,542.2,1,0.875,26.1,-0.8,26.1,9.13,-0.16,986.1,539.2,"[[6, 0], [3, 0]]",0,0.0101
434,1785364542.524,1001.5,542.3,1,0.870,41.5,-0.7,41.5,15.29,-0.15,1001.5,539.3,"[[8, 0], [6, 0], [2, 0]]",0,0.0111
435,1785364542.537,1001.5,542.3,1,0.870,41.5,-0.7,41.5,14.52,-0.15,1001.5,539.3,"[[8, 0], [6, 0], [1, 0]]",0,0.0125
436,1785364542.550,1001.5,542.3,1,0.870,41.5,-0.7,41.5,14.52,-0.15,1001.5,539.3,"[[8, 0], [6, 0], [1, 0]]",0,0.0128
437,1785364542.562,1007.8,555.4,0,0.902,47.8,3.6,47.8,17.03,0.88,1007.8,543.6,"[[8, 0], [6, 0], [3, 0]]",0,0.0127
438,1785364542.576,1007.8,555.4,0,0.902,47.8,3.6,47.8,16.72,0.75,1007.8,543.6,"[[8, 0], [6, 0], [3, 0]]",0,0.0140
439,1785364542.589,1007.3,555.4,0,0.906,47.3,3.5,47.3,16.51,0.73,1007.3,543.5,"[[8, 0], [6, 0], [3, 0]]",0,0.0130
440,1785364542.603,1007.3,555.4,0,0.906,47.3,3.5,47.3,16.54,0.73,1007.3,543.5,"[[8, 0], [6, 0], [3, 0]]",0,0.0136
441,1785364542.616,1007.3,555.4,0,0.906,47.3,3.5,47.3,16.54,0.73,1007.3,543.5,"[[8, 0], [6, 0], [3, 0]]",0,0.0133
442,1785364542.629,996.7,555.5,0,0.903,36.7,3.6,36.8,12.33,0.75,996.7,543.6,"[[7, 0], [5, 0]]",0,0.0132
443,1785364542.644,996.7,555.5,0,0.903,36.7,3.6,36.8,12.86,0.75,996.7,543.6,"[[7, 0], [5, 0], [1, 0]]",0,0.0142
444,1785364542.657,978.3,555.6,0,0.897,18.3,3.5,18.5,5.50,0.72,978.3,543.5,"[[5, 1]]",0,0.0134
445,1785364542.666,978.3,555.6,0,0.897,18.3,3.5,18.5,6.42,0.73,978.3,543.5,"[[5, 1], [1, 0]]",0,0.0086
446,1785364542.679,978.3,555.6,0,0.897,18.3,3.5,18.5,6.42,0.73,978.3,543.5,"[[5, 1], [1, 0]]",0,0.0137
447,1785364542.693,958.9,542.2,1,0.773,-1.1,-0.8,1.2,-1.36,-0.30,958.9,539.2,"[[-1, 0]]",0,0.0135
448,1785364542.705,958.9,542.2,1,0.773,-1.1,-0.8,1.2,-0.38,-0.18,958.9,539.2,"[]",0,0.0115
449,1785364542.714,958.9,542.2,1,0.773,-1.1,-0.8,1.2,-0.38,-0.18,958.9,539.2,"[]",0,0.0098
450,1785364542.723,958.9,542.2,1,0.773,-1.1,-0.8,1.2,-0.38,-0.18,958.9,539.2,"[]",0,0.0087
451,1785364542.731,939.2,542.4,1,0.876,-20.8,-0.6,20.8,-8.27,-0.12,939.2,539.4,"[[-6, 0], [-2, 0]]",0,0.0083
452,1785364542.743,939.2,542.4,1,0.876,-20.8,-0.6,20.8,-7.29,-0.13,939.2,539.4,"[[-6, 0], [-2, 0]]",0,0.0117
453,1785364542.754,922.3,542.4,1,0.877,-37.7,-0.6,37.7,-14.04,-0.12,922.3,539.4,"[[-7, 0], [-5, 0], [-1, 0]]",0,0.0111
454,1785364542.766,922.3,542.4,1,0.877,-37.7,-0.6,37.7,-13.20,-0.12,922.3,539.4,"[[-7, 0], [-5, 0], [-1, 0]]",0,0.0120
455,1785364542.778,922.3,542.4,1,0.877,-37.7,-0.6,37.7,-13.20,-0.12,922.3,539.4,"[[-7, 0], [-5, 0], [-1, 0]]",0,0.0123
456,1785364542.793,914.3,541.5,1,0.878,-45.7,-1.5,45.7,-16.39,-0.34,914.3,538.5,"[[-8, 0], [-6, 0], [-3, 0]]",0,0.0150
457,1785364542.808,914.3,541.5,1,0.878,-45.7,-1.5,45.7,-15.99,-0.31,914.3,538.5,"[[-8, 0], [-6, 0], [-2, 0]]",0,0.0143
458,1785364542.819,912.0,554.3,0,0.899,-48.0,2.0,48.1,-16.93,0.54,912.0,542.0,"[[-8, 0], [-6, 0], [-3, 0]]",0,0.0114
459,1785364542.831,912.0,554.3,0,0.899,-48.0,2.0,48.1,-16.81,0.43,912.0,542.0,"[[-8, 0], [-6, 0], [-3, 0]]",0,0.0121
460,1785364542.849,912.0,554.3,0,0.899,-48.0,2.0,48.1,-16.81,0.43,912.0,542.0,"[[-8, 0], [-6, 0], [-3, 0]]",0,0.0176
461,1785364542.861,919.3,554.4,0,0.903,-40.7,2.1,40.8,-13.89,0.44,919.3,542.1,"[[-7, 0], [-5, 0], [-1, 0]]",0,0.0118
462,1785364542.876,919.3,554.4,0,0.903,-40.7,2.1,40.8,-14.26,0.44,919.3,542.1,"[[-7, 0], [-5, 0], [-1, 0]]",0,0.0152
463,1785364542.888,932.0,554.2,0,0.898,-28.0,2.1,28.0,-9.17,0.45,932.0,542.1,"[[-6, 0], [-3, 0]]",0,0.0119
464,1785364542.899,932.0,554.2,0,0.898,-28.0,2.1,28.0,-9.80,0.45,932.0,542.1,"[[-6, 0], [-4, 0]]",0,0.0110
465,1785364542.912,932.0,554.2,0,0.898,-28.0,2.1,28.0,-9.80,0.45,932.0,542.1,"[[-6, 0], [-4, 0]]",0,0.0130
466,1785364542.922,953.4,540.9,1,0.819,-6.6,-2.1,6.7,-1.25,-0.57,953.4,537.9,"[[-1, -1]]",0,0.0102
467,1785364542.931,953.4,540.9,1,0.819,-6.6,-2.1,6.7,-2.32,-0.45,953.4,537.9,"[[-2, 0]]",0,0.0088
468,1785364542.939,953.4,540.9,1,0.819,-6.6,-2.1,6.7,-2.32,-0.45,953.4,537.9,"[[-2, 0]]",0,0.0085
469,1785364542.949,953.4,540.9,1,0.819,-6.6,-2.1,6.7,-2.32,-0.45,953.4,537.9,"[[-2, 0]]",0,0.0093
470,1785364542.957,968.9,541.0,1,0.797,8.9,-2.1,9.0,3.91,-0.44,968.9,537.9,"[[4, 0]]",0,0.0088
471,1785364542.967,968.9,541.0,1,0.797,8.9,-2.1,9.0,3.13,-0.44,968.9,537.9,"[[3, 0]]",0,0.0096
472,1785364542.977,968.9,541.0,1,0.797,8.9,-2.1,9.0,3.13,-0.44,968.9,537.9,"[[3, 0]]",0,0.0102
473,1785364542.988,988.6,541.0,1,0.870,28.6,-2.0,28.6,10.98,-0.41,988.6,538.0,"[[7, 0], [4, 0]]",0,0.0103
474,1785364542.999,988.6,541.0,1,0.870,28.6,-2.0,28.6,10.00,-0.41,988.6,538.0,"[[6, 0], [4, 0]]",0,0.0112
475,1785364543.011,988.6,541.0,1,0.870,28.6,-2.0,28.6,10.00,-0.41,988.6,538.0,"[[6, 0], [4, 0]]",0,0.0125
476,1785364543.021,1000.8,540.8,1,0.755,40.8,-2.2,40.8,14.88,-0.47,1000.8,537.8,"[[8, 0], [6, 0], [2, 0]]",0,0.0100
477,1785364543.033,1000.8,540.8,1,0.755,40.8,-2.2,40.8,14.27,-0.46,1000.8,537.8,"[[7, 0], [5, 0], [1, 0]]",0,0.0121
478,1785364543.047,1000.8,540.8,1,0.755,40.8,-2.2,40.8,14.27,-0.46,1000.8,537.8,"[[7, 0], [5, 0], [1, 0]]",0,0.0134
479,1785364543.061,1005.0,541.4,1,0.879,45.0,-1.5,45.0,15.96,-0.30,1005.0,538.5,"[[8, 0], [6, 0], [2, 0]]",0,0.0140
480,1785364543.076,1005.0,541.4,1,0.879,45.0,-1.5,45.0,15.75,-0.32,1005.0,538.5,"[[8, 0], [6, 0], [2, 0]]",0,0.0154
481,1785364543.089,1001.2,541.4,1,0.854,41.2,-1.6,41.2,14.25,-0.34,1001.2,538.4,"[[7, 0], [5, 0], [1, 0]]",0,0.0126
482,1785364543.100,1001.2,541.4,1,0.854,41.2,-1.6,41.2,14.43,-0.34,1001.2,538.4,"[[7, 0], [6, 0], [1, 0]]",0,0.0119
483,1785364543.117,1001.2,541.4,1,0.854,41.2,-1.6,41.2,14.43,-0.34,1001.2,538.4,"[[7, 0], [6, 0], [1, 0]]",0,0.0166
484,1785364543.129,988.5,541.5,1,0.874,28.5,-1.4,28.5,9.35,-0.29,988.5,538.6,"[[6, 0], [3, 0]]",0,0.0123
485,1785364543.141,988.5,541.5,1,0.874,28.5,-1.4,28.5,9.99,-0.30,988.5,538.6,"[[6, 0], [4, 0]]",0,0.0115
486,1785364543.151,973.4,541.5,1,0.866,13.4,-1.6,13.5,3.94,-0.33,973.4,538.4,"[[4, 0]]",0,0.0097
487,1785364543.159,973.4,541.5,1,0.866,13.4,-1.6,13.5,4.70,-0.33,973.4,538.4,"[[5, 0]]",0,0.0082
488,1785364543.169,973.4,541.5,1,0.866,13.4,-1.6,13.5,4.70,-0.33,973.4,538.4,"[[5, 0]]",0,0.0102
489,1785364543.179,973.4,541.5,1,0.866,13.4,-1.6,13.5,4.70,-0.33,973.4,538.4,"[[5, 0]]",0,0.0095
490,1785364543.187,959.5,554.7,0,0.899,-0.5,2.6,1.7,-0.87,0.68,959.5,542.6,"[[-1, 1]]",0,0.0084
491,1785364543.195,959.5,554.7,0,0.899,-0.5,2.6,1.7,-0.17,0.55,959.5,542.6,"[[0, 1]]",0,0.0086
492,1785364543.204,959.5,554.7,0,0.899,-0.5,2.6,1.7,-0.17,0.55,959.5,542.6,"[[0, 1]]",0,0.0082
493,1785364543.214,959.5,554.7,0,0.899,-0.5,2.6,1.7,-0.17,0.55,959.5,542.6,"[[0, 1]]",0,0.0108
494,1785364543.224,940.1,554.7,0,0.897,-19.9,2.6,20.0,-7.95,0.55,940.1,542.6,"[[-6, 0], [-2, 0]]",0,0.0093
495,1785364543.235,940.1,554.7,0,0.897,-19.9,2.6,20.0,-6.97,0.55,940.1,542.6,"[[-6, 0], [-1, 0]]",0,0.0111
496,1785364543.245,940.1,554.7,0,0.897,-19.9,2.6,20.0,-6.97,0.55,940.1,542.6,"[[-6, 0], [-1, 0]]",0,0.0100
497,1785364543.254,924.4,554.6,0,0.908,-35.6,2.6,35.6,-13.24,0.54,924.4,542.6,"[[-7, 0], [-5, 0], [-1, 0]]",0,0.0092
498,1785364543.266,924.4,554.6,0,0.908,-35.6,2.6,35.6,-12.46,0.54,924.4,542.6,"[[-7, 0], [-5, 0]]",0,0.0115
499,1785364543.279,924.4,554.6,0,0.908,-35.6,2.6,35.6,-12.46,0.54,924.4,542.6,"[[-7, 0], [-5, 0]]",0,0.0135
500,1785364543.289,917.8,554.7,0,0.896,-42.2,2.6,42.2,-15.09,0.55,917.8,542.6,"[[-8, 0], [-6, 0], [-2, 0]]",0,0.0102
501,1785364543.301,917.8,554.7,0,0.896,-42.2,2.6,42.2,-14.76,0.55,917.8,542.6,"[[-8, 0], [-6, 0], [-2, 0]]",0,0.0121
502,1785364543.316,917.8,554.7,0,0.896,-42.2,2.6,42.2,-14.76,0.55,917.8,542.6,"[[-8, 0], [-6, 0], [-2, 0]]",0,0.0147
503,1785364543.333,915.6,553.5,0,0.904,-44.4,1.3,44.4,-15.64,0.23,915.6,541.3,"[[-8, 0], [-6, 0], [-2, 0]]",0,0.0166
504,1785364543.348,915.6,553.5,0,0.904,-44.4,1.3,44.4,-15.53,0.27,915.6,541.3,"[[-8, 0], [-6, 0], [-2, 0]]",0,0.0148
505,1785364543.361,920.9,552.9,0,0.903,-39.1,0.7,39.1,-13.41,0.13,920.9,540.7,"[[-7, 0], [-5, 0], [-1, 0]]",0,0.0130
506,1785364543.376,920.9,552.9,0,0.903,-39.1,0.7,39.1,-13.68,0.14,920.9,540.7,"[[-7, 0], [-5, 0], [-1, 0]]",0,0.0158
507,1785364543.390,932.9,553.2,0,0.909,-27.1,1.2,27.1,-8.87,0.28,932.9,541.2,"[[-6, 0], [-3, 0]]",0,0.0140
508,1785364543.401,932.9,553.2,0,0.909,-27.1,1.2,27.1,-9.47,0.26,932.9,541.2,"[[-6, 0], [-3, 0]]",0,0.0105
509,1785364543.411,932.9,553.2,0,0.909,-27.1,1.2,27.1,-9.47,0.26,932.9,541.2,"[[-6, 0], [-3, 0]]",0,0.0103
510,1785364543.422,949.3,540.9,1,0.850,-10.7,-2.1,10.8,-2.93,-0.55,949.3,537.9,"[[-3, -1]]",0,0.0109
511,1785364543.431,949.3,540.9,1,0.850,-10.7,-2.1,10.8,-3.75,-0.45,949.3,537.9,"[[-4, 0]]",0,0.0089
512,1785364543.440,949.3,540.9,1,0.850,-10.7,-2.1,10.8,-3.75,-0.45,949.3,537.9,"[[-4, 0]]",0,0.0090
513,1785364543.451,949.3,540.9,1,0.850,-10.7,-2.1,10.8,-3.75,-0.45,949.3,537.9,"[[-4, 0]]",0,0.0105
514,1785364543.460,959.8,553.9,0,0.888,-0.2,2.1,1.3,0.44,0.56,959.8,542.1,"[[0, 1]]",0,0.0091
515,1785364543.469,959.8,553.9,0,0.888,-0.2,2.1,1.3,-0.08,0.43,959.8,542.1,"[]",0,0.0092
516,1785364543.478,959.8,553.9,0,0.888,-0.2,2.1,1.3,-0.08,0.43,959.8,542.1,"[]",0,0.0096
517,1785364543.487,968.6,554.3,0,0.874,8.6,2.7,8.7,3.44,0.59,968.6,542.7,"[[3, 1]]",0,0.0090
518,1785364543.498,968.6,554.3,0,0.874,8.6,2.7,8.7,3.00,0.57,968.6,542.7,"[[3, 1]]",0,0.0106
519,1785364543.508,968.6,554.3,0,0.874,8.6,2.7,8.7,3.00,0.57,968.6,542.7,"[[3, 1]]",0,0.0104
520,1785364543.519,968.6,554.3,0,0.874,8.6,2.7,8.7,3.00,0.57,968.6,542.7,"[[3, 1]]",0,0.0110
521,1785364543.528,977.5,554.4,0,0.890,17.5,2.7,17.5,6.56,0.57,977.5,542.7,"[[5, 0], [1, 0]]",0,0.0084
522,1785364543.538,977.5,554.4,0,0.890,17.5,2.7,17.5,6.11,0.57,977.5,542.7,"[[5, 0], [1, 0]]",0,0.0100
523,1785364543.548,977.5,554.4,0,0.890,17.5,2.7,17.5,6.11,0.57,977.5,542.7,"[[5, 0], [1, 0]]",0,0.0097
524,1785364543.559,980.9,554.2,0,0.907,20.9,2.6,20.9,7.48,0.55,980.9,542.6,"[[6, 0], [2, 0]]",0,0.0113
525,1785364543.570,980.9,554.2,0,0.907,20.9,2.6,20.9,7.31,0.55,980.9,542.6,"[[6, 0], [2, 0]]",0,0.0112
526,1785364543.581,980.9,554.2,0,0.907,20.9,2.6,20.9,7.31,0.55,980.9,542.6,"[[6, 0], [2, 0]]",0,0.0112
527,1785364543.591,978.6,553.7,0,0.884,18.6,2.2,18.6,6.38,0.44,978.6,542.2,"[[5, 0], [1, 0]]",0,0.0097
528,1785364543.601,978.6,553.7,0,0.884,18.6,2.2,18.6,6.50,0.45,978.6,542.2,"[[5, 0], [1, 0]]",0,0.0098
529,1785364543.612,978.6,553.7,0,0.884,18.6,2.2,18.6,6.50,0.45,978.6,542.2,"[[5, 0], [1, 0]]",0,0.0112
530,1785364543.623,969.8,552.6,0,0.886,9.8,1.2,9.8,2.97,0.22,969.8,541.2,"[[3, 0]]",0,0.0107
531,1785364543.631,969.8,552.6,0,0.886,9.8,1.2,9.8,3.41,0.25,969.8,541.2,"[[3, 0]]",0,0.0082
532,1785364543.640,969.8,552.6,0,0.886,9.8,1.2,9.8,3.41,0.25,969.8,541.2,"[[3, 0]]",0,0.0096
533,1785364543.651,969.8,552.6,0,0.886,9.8,1.2,9.8,3.41,0.25,969.8,541.2,"[[3, 0]]",0,0.0103
534,1785364543.658,956.3,539.4,1,0.859,-3.7,-3.6,4.3,-1.96,-0.91,956.3,536.4,"[[-2, -1]]",0,0.0079
535,1785364543.668,956.3,539.4,1,0.859,-3.7,-3.6,4.3,-1.29,-0.76,956.3,536.4,"[[-1, -1]]",0,0.0092
536,1785364543.679,956.3,539.4,1,0.859,-3.7,-3.6,4.3,-1.29,-0.76,956.3,536.4,"[[-1, -1]]",0,0.0110
537,1785364543.686,947.2,539.3,1,0.861,-12.8,-3.8,13.0,-4.95,-0.80,947.2,536.2,"[[-5, -1]]",0,0.0078
538,1785364543.695,947.2,539.3,1,0.861,-12.8,-3.8,13.0,-4.49,-0.80,947.2,536.2,"[[-4, -1]]",0,0.0083
539,1785364543.702,947.2,539.3,1,0.861,-12.8,-3.8,13.0,-4.49,-0.80,947.2,536.2,"[[-4, -1]]",0,0.0077
540,1785364543.711,947.2,539.3,1,0.861,-12.8,-3.8,13.0,-4.49,-0.80,947.2,536.2,"[[-4, -1]]",0,0.0086
541,1785364543.719,938.0,539.2,1,0.877,-22.0,-3.8,22.1,-8.15,-0.80,938.0,536.2,"[[-6, -1], [-2, 0]]",0,0.0083
542,1785364543.730,938.0,539.2,1,0.877,-22.0,-3.8,22.1,-7.69,-0.80,938.0,536.2,"[[-6, -1], [-2, 0]]",0,0.0108
543,1785364543.743,938.0,539.2,1,0.877,-22.0,-3.8,22.1,-7.69,-0.80,938.0,536.2,"[[-6, -1], [-2, 0]]",0,0.0128
544,1785364543.753,931.3,539.2,1,0.873,-28.7,-3.8,28.7,-10.36,-0.81,931.3,536.2,"[[-6, 0], [-4, 0]]",0,0.0100
545,1785364543.762,931.3,539.2,1,0.873,-28.7,-3.8,28.7,-10.03,-0.81,931.3,536.2,"[[-6, -1], [-4, 0]]",0,0.0092
546,1785364543.773,931.3,539.2,1,0.873,-28.7,-3.8,28.7,-10.03,-0.81,931.3,536.2,"[[-6, -1], [-4, 0]]",0,0.0105
547,1785364543.783,931.3,539.2,1,0.873,-28.7,-3.8,28.7,-10.03,-0.81,931.3,536.2,"[[-6, -1], [-4, 0]]",0,0.0107
548,1785364543.793,932.3,540.1,1,0.762,-27.7,-2.8,27.7,-9.63,-0.56,932.3,537.2,"[[-6, 0], [-3, 0]]",0,0.0099
549,1785364543.803,932.3,540.1,1,0.762,-27.7,-2.8,27.7,-9.68,-0.59,932.3,537.2,"[[-6, 0], [-3, 0]]",0,0.0091
550,1785364543.813,932.3,540.1,1,0.762,-27.7,-2.8,27.7,-9.68,-0.59,932.3,537.2,"[[-6, 0], [-3, 0]]",0,0.0100
551,1785364543.823,939.1,541.0,1,0.877,-20.9,-2.1,20.9,-6.97,-0.41,939.1,537.9,"[[-6, 0], [-1, 0]]",0,0.0105
552,1785364543.832,939.1,541.0,1,0.877,-20.9,-2.1,20.9,-7.31,-0.43,939.1,537.9,"[[-6, 0], [-2, 0]]",0,0.0093
553,1785364543.843,939.1,541.0,1,0.877,-20.9,-2.1,20.9,-7.31,-0.43,939.1,537.9,"[[-6, 0], [-2, 0]]",0,0.0110
554,1785364543.852,949.2,542.5,1,0.877,-10.8,-0.5,10.8,-3.27,-0.06,949.2,539.5,"[[-3, 0]]",0,0.0091
555,1785364543.860,949.2,542.5,1,0.877,-10.8,-0.5,10.8,-3.77,-0.11,949.2,539.5,"[[-4, 0]]",0,0.0073
556,1785364543.868,949.2,542.5,1,0.877,-10.8,-0.5,10.8,-3.77,-0.11,949.2,539.5,"[[-4, 0]]",0,0.0081
557,1785364543.879,949.2,542.5,1,0.877,-10.8,-0.5,10.8,-3.77,-0.11,949.2,539.5,"[[-4, 0]]",0,0.0108
558,1785364543.887,967.8,556.4,0,0.905,7.8,4.5,8.3,3.66,1.09,967.8,544.5,"[[4, 1]]",0,0.0083
559,1785364543.895,967.8,556.4,0,0.905,7.8,4.5,8.3,2.73,0.94,967.8,544.5,"[[3, 1]]",0,0.0077
560,1785364543.903,967.8,556.4,0,0.905,7.8,4.5,8.3,2.73,0.94,967.8,544.5,"[[3, 1]]",0,0.0081
561,1785364543.911,967.8,556.4,0,0.905,7.8,4.5,8.3,2.73,0.94,967.8,544.5,"[[3, 1]]",0,0.0079
562,1785364543.918,981.2,557.0,0,0.910,21.2,5.0,21.4,8.09,1.07,981.2,545.0,"[[6, 1], [2, 0]]",0,0.0075
563,1785364543.929,981.2,557.0,0,0.910,21.2,5.0,21.4,7.42,1.06,981.2,545.0,"[[6, 1], [2, 0]]",0,0.0110
564,1785364543.941,981.2,557.0,0,0.910,21.2,5.0,21.4,7.42,1.06,981.2,545.0,"[[6, 1], [2, 0]]",0,0.0117
565,1785364543.952,981.2,557.0,0,0.910,21.2,5.0,21.4,7.42,1.06,981.2,545.0,"[[6, 1], [2, 0]]",0,0.0108
566,1785364543.962,992.4,556.9,0,0.902,32.4,5.0,32.5,11.89,1.05,992.4,545.0,"[[7, 1], [5, 0]]",0,0.0106
567,1785364543.974,992.4,556.9,0,0.902,32.4,5.0,32.5,11.33,1.05,992.4,545.0,"[[7, 1], [5, 0]]",0,0.0113
568,1785364543.985,1004.4,556.9,0,0.901,44.4,5.0,44.5,16.13,1.05,1004.4,545.0,"[[8, 1], [6, 0], [2, 0]]",0,0.0116
569,1785364543.996,1004.4,556.9,0,0.901,44.4,5.0,44.5,15.53,1.05,1004.4,545.0,"[[8, 1], [6, 0], [2, 0]]",0,0.0111
570,1785364544.010,1004.4,556.9,0,0.901,44.4,5.0,44.5,15.53,1.05,1004.4,545.0,"[[8, 1], [6, 0], [2, 0]]",0,0.0133
571,1785364544.023,1000.2,555.2,0,0.895,40.2,3.4,40.2,13.86,0.67,1000.2,543.4,"[[7, 0], [5, 0], [1, 0]]",0,0.0135
572,1785364544.035,1000.2,555.2,0,0.895,40.2,3.4,40.2,14.07,0.72,1000.2,543.4,"[[7, 0], [5, 0], [1, 0]]",0,0.0121
573,1785364544.049,1000.2,555.2,0,0.895,40.2,3.4,40.2,14.07,0.72,1000.2,543.4,"[[7, 0], [5, 0], [1, 0]]",0,0.0140
574,1785364544.061,992.3,554.0,0,0.890,32.3,2.6,32.4,10.92,0.51,992.3,542.6,"[[7, 0], [4, 0]]",0,0.0120
575,1785364544.073,992.3,554.0,0,0.890,32.3,2.6,32.4,11.31,0.54,992.3,542.6,"[[7, 0], [5, 0]]",0,0.0122
576,1785364544.083,981.8,553.5,0,0.908,21.8,1.6,21.8,7.11,0.32,981.8,541.6,"[[6, 0], [2, 0]]",0,0.0098
577,1785364544.093,981.8,553.5,0,0.908,21.8,1.6,21.8,7.63,0.34,981.8,541.6,"[[6, 0], [2, 0]]",0,0.0102
578,1785364544.103,981.8,553.5,0,0.908,21.8,1.6,21.8,7.63,0.34,981.8,541.6,"[[6, 0], [2, 0]]",0,0.0098
579,1785364544.112,981.8,553.5,0,0.908,21.8,1.6,21.8,7.63,0.34,981.8,541.6,"[[6, 0], [2, 0]]",0,0.0091
580,1785364544.122,969.4,539.7,1,0.865,9.4,-3.5,9.6,2.67,-0.89,969.4,536.5,"[[3, -1]]",0,0.0095
581,1785364544.130,969.4,539.7,1,0.865,9.4,-3.5,9.6,3.29,-0.74,969.4,536.5,"[[3, -1]]",0,0.0078
582,1785364544.137,969.4,539.7,1,0.865,9.4,-3.5,9.6,3.29,-0.74,969.4,536.5,"[[3, -1]]",0,0.0075
583,1785364544.147,969.4,539.7,1,0.865,9.4,-3.5,9.6,3.29,-0.74,969.4,536.5,"[[3, -1]]",0,0.0097
584,1785364544.155,955.7,539.4,1,0.876,-4.3,-3.7,4.8,-2.18,-0.79,955.7,536.3,"[[-2, -1]]",0,0.0083
585,1785364544.163,955.7,539.4,1,0.876,-4.3,-3.7,4.8,-1.50,-0.78,955.7,536.3,"[[-1, -1]]",0,0.0079
586,1785364544.170,955.7,539.4,1,0.876,-4.3,-3.7,4.8,-1.50,-0.78,955.7,536.3,"[[-1, -1]]",0,0.0075
587,1785364544.178,955.7,539.4,1,0.876,-4.3,-3.7,4.8,-1.50,-0.78,955.7,536.3,"[[-1, -1]]",0,0.0075
588,1785364544.185,945.2,539.2,1,0.819,-14.8,-3.8,15.0,-5.70,-0.81,945.2,536.2,"[[-5, -1], [-1, 0]]",0,0.0075
589,1785364544.195,945.2,539.2,1,0.819,-14.8,-3.8,15.0,-5.18,-0.80,945.2,536.2,"[[-5, -1]]",0,0.0091
590,1785364544.203,945.2,539.2,1,0.819,-14.8,-3.8,15.0,-5.18,-0.80,945.2,536.2,"[[-5, -1]]",0,0.0083
591,1785364544.213,945.2,539.2,1,0.819,-14.8,-3.8,15.0,-5.18,-0.80,945.2,536.2,"[[-5, -1]]",0,0.0097
592,1785364544.220,941.9,539.0,1,0.855,-18.1,-4.1,18.3,-6.50,-0.88,941.9,535.9,"[[-5, -1], [-1, 0]]",0,0.0077
593,1785364544.231,941.9,539.0,1,0.855,-18.1,-4.1,18.3,-6.33,-0.87,941.9,535.9,"[[-5, -1], [-1, 0]]",0,0.0103
594,1785364544.242,941.9,539.0,1,0.855,-18.1,-4.1,18.3,-6.33,-0.87,941.9,535.9,"[[-5, -1], [-1, 0]]",0,0.0117
595,1785364544.251,934.9,540.4,1,0.787,-25.1,-2.7,25.1,-9.13,-0.52,934.9,537.3,"[[-6, 0], [-3, 0]]",0,0.0089
596,1785364544.262,934.9,540.4,1,0.787,-25.1,-2.7,25.1,-8.78,-0.56,934.9,537.3,"[[-6, 0], [-3, 0]]",0,0.0104
597,1785364544.274,934.9,540.4,1,0.787,-25.1,-2.7,25.1,-8.78,-0.56,934.9,537.3,"[[-6, 0], [-3, 0]]",0,0.0124
598,1785364544.283,936.8,541.6,1,0.771,-23.2,-1.5,23.2,-8.02,-0.27,936.8,538.5,"[[-6, 0], [-2, 0]]",0,0.0094
599,1785364544.292,936.8,541.6,1,0.771,-23.2,-1.5,23.2,-8.12,-0.31,936.8,538.5,"[[-6, 0], [-2, 0]]",0,0.0091
600,1785364544.302,936.8,541.6,1,0.771,-23.2,-1.5,23.2,-8.12,-0.31,936.8,538.5,"[[-6, 0], [-2, 0]]",0,0.0097
601,1785364544.316,936.8,541.6,1,0.771,-23.2,-1.5,23.2,-8.12,-0.31,936.8,538.5,"[[-6, 0], [-2, 0]]",0,0.0141
602,1785364544.326,946.1,544.2,1,0.860,-13.9,1.2,13.9,-4.41,0.33,946.1,541.2,"[[-4, 0]]",0,0.0098
603,1785364544.334,946.1,544.2,1,0.860,-13.9,1.2,13.9,-4.87,0.25,946.1,541.2,"[[-5, 0]]",0,0.0078
604,1785364544.343,946.1,544.2,1,0.860,-13.9,1.2,13.9,-4.87,0.25,946.1,541.2,"[[-5, 0]]",0,0.0096
605,1785364544.351,954.0,545.9,1,0.833,-6.0,2.9,6.3,-1.71,0.67,954.0,542.9,"[[-2, 1]]",0,0.0076
606,1785364544.359,954.0,545.9,1,0.833,-6.0,2.9,6.3,-2.10,0.62,954.0,542.9,"[[-2, 1]]",0,0.0083
607,1785364544.368,954.0,545.9,1,0.833,-6.0,2.9,6.3,-2.10,0.62,954.0,542.9,"[[-2, 1]]",0,0.0085
608,1785364544.379,954.0,545.9,1,0.833,-6.0,2.9,6.3,-2.10,0.62,954.0,542.9,"[[-2, 1]]",0,0.0107
609,1785364544.387,964.8,546.5,1,0.829,4.8,3.4,5.2,2.22,0.74,964.8,543.4,"[[2, 1]]",0,0.0088
610,1785364544.396,964.8,546.5,1,0.829,4.8,3.4,5.2,1.68,0.72,964.8,543.4,"[[2, 1]]",0,0.0084
611,1785364544.404,964.8,546.5,1,0.829,4.8,3.4,5.2,1.68,0.72,964.8,543.4,"[[2, 1]]",0,0.0087
612,1785364544.414,964.8,546.5,1,0.829,4.8,3.4,5.2,1.68,0.72,964.8,543.4,"[[2, 1]]",0,0.0094
613,1785364544.425,980.1,546.2,1,0.861,20.1,3.1,20.2,7.80,0.65,980.1,543.1,"[[6, 0], [2, 0]]",0,0.0108
614,1785364544.435,980.1,546.2,1,0.861,20.1,3.1,20.2,7.03,0.66,980.1,543.1,"[[6, 1], [2, 0]]",0,0.0104
615,1785364544.445,980.1,546.2,1,0.861,20.1,3.1,20.2,7.03,0.66,980.1,543.1,"[[6, 1], [2, 0]]",0,0.0097
616,1785364544.457,987.9,545.4,1,0.859,27.9,2.3,27.9,10.16,0.45,987.9,542.3,"[[6, 0], [4, 0]]",0,0.0118
617,1785364544.466,987.9,545.4,1,0.859,27.9,2.3,27.9,9.77,0.48,987.9,542.3,"[[6, 0], [4, 0]]",0,0.0094
618,1785364544.477,987.9,545.4,1,0.859,27.9,2.3,27.9,9.77,0.48,987.9,542.3,"[[6, 0], [4, 0]]",0,0.0115
619,1785364544.486,993.7,542.9,1,0.880,33.7,-0.2,33.7,12.10,-0.11,993.7,539.8,"[[7, 0], [5, 0]]",0,0.0089
620,1785364544.496,993.7,542.9,1,0.880,33.7,-0.2,33.7,11.81,-0.04,993.7,539.8,"[[7, 0], [5, 0]]",0,0.0097
621,1785364544.506,993.7,542.9,1,0.880,33.7,-0.2,33.7,11.81,-0.04,993.7,539.8,"[[7, 0], [5, 0]]",0,0.0102
622,1785364544.517,990.9,541.5,1,0.819,30.9,-1.6,30.9,10.68,-0.37,990.9,538.4,"[[6, 0], [4, 0]]",0,0.0109
623,1785364544.528,990.9,541.5,1,0.819,30.9,-1.6,30.9,10.82,-0.33,990.9,538.4,"[[7, 0], [4, 0]]",0,0.0111
624,1785364544.541,990.9,541.5,1,0.819,30.9,-1.6,30.9,10.82,-0.33,990.9,538.4,"[[7, 0], [4, 0]]",0,0.0133
625,1785364544.553,982.4,540.4,1,0.851,22.4,-2.7,22.5,7.43,-0.60,982.4,537.3,"[[6, 0], [2, 0]]",0,0.0111
626,1785364544.564,982.4,540.4,1,0.851,22.4,-2.7,22.5,7.86,-0.56,982.4,537.3,"[[6, 0], [2, 0]]",0,0.0118
627,1785364544.577,982.4,540.4,1,0.851,22.4,-2.7,22.5,7.86,-0.56,982.4,537.3,"[[6, 0], [2, 0]]",0,0.0124
628,1785364544.587,969.6,540.1,1,0.803,9.6,-2.9,9.8,2.72,-0.62,969.6,537.1,"[[3, -1]]",0,0.0107
629,1785364544.595,969.6,540.1,1,0.803,9.6,-2.9,9.8,3.36,-0.61,969.6,537.1,"[[3, -1]]",0,0.0075
630,1785364544.602,969.6,540.1,1,0.803,9.6,-2.9,9.8,3.36,-0.61,969.6,537.1,"[[3, -1]]",0,0.0075
631,1785364544.610,969.6,540.1,1,0.803,9.6,-2.9,9.8,3.36,-0.61,969.6,537.1,"[[3, -1]]",0,0.0072
632,1785364544.618,953.7,540.1,1,0.775,-6.3,-2.9,6.6,-3.00,-0.62,953.7,537.1,"[[-3, -1]]",0,0.0080
633,1785364544.625,953.7,540.1,1,0.775,-6.3,-2.9,6.6,-2.21,-0.62,953.7,537.1,"[[-2, -1]]",0,0.0071
634,1785364544.632,953.7,540.1,1,0.775,-6.3,-2.9,6.6,-2.21,-0.62,953.7,537.1,"[[-2, -1]]",0,0.0072
635,1785364544.641,953.7,540.1,1,0.775,-6.3,-2.9,6.6,-2.21,-0.62,953.7,537.1,"[[-2, -1]]",0,0.0091
636,1785364544.650,953.7,540.1,1,0.775,-6.3,-2.9,6.6,-2.21,-0.62,953.7,537.1,"[[-2, -1]]",0,0.0087
637,1785364544.658,933.1,540.0,1,0.835,-26.9,-3.0,27.0,-10.45,-0.63,933.1,537.0,"[[-6, 0], [-4, 0]]",0,0.0080
638,1785364544.666,933.1,540.0,1,0.835,-26.9,-3.0,27.0,-9.42,-0.63,933.1,537.0,"[[-6, 0], [-3, 0]]",0,0.0085
639,1785364544.676,933.1,540.0,1,0.835,-26.9,-3.0,27.0,-9.42,-0.63,933.1,537.0,"[[-6, 0], [-3, 0]]",0,0.0100
640,1785364544.685,922.7,540.2,1,0.819,-37.3,-3.0,37.3,-13.57,-0.62,922.7,537.0,"[[-7, 0], [-5, 0], [-1, 0]]",0,0.0085
641,1785364544.699,922.7,540.2,1,0.819,-37.3,-3.0,37.3,-13.05,-0.62,922.7,537.0,"[[-7, 0], [-5, 0], [-1, 0]]",0,0.0139
642,1785364544.711,922.7,540.2,1,0.819,-37.3,-3.0,37.3,-13.05,-0.62,922.7,537.0,"[[-7, 0], [-5, 0], [-1, 0]]",0,0.0125
643,1785364544.723,915.9,541.8,1,0.874,-44.1,-1.3,44.1,-15.78,-0.22,915.9,538.7,"[[-8, 0], [-6, 0], [-2, 0]]",0,0.0121
644,1785364544.738,915.9,541.8,1,0.874,-44.1,-1.3,44.1,-15.43,-0.27,915.9,538.7,"[[-8, 0], [-6, 0], [-2, 0]]",0,0.0143
645,1785364544.750,915.9,541.8,1,0.874,-44.1,-1.3,44.1,-15.43,-0.27,915.9,538.7,"[[-8, 0], [-6, 0], [-2, 0]]",0,0.0124
646,1785364544.761,918.8,543.9,1,0.847,-41.2,0.8,41.2,-14.28,0.23,918.8,540.8,"[[-7, 0], [-5, 0], [-1, 0]]",0,0.0114
647,1785364544.775,918.8,543.9,1,0.847,-41.2,0.8,41.2,-14.43,0.17,918.8,540.8,"[[-7, 0], [-6, 0], [-1, 0]]",0,0.0138
648,1785364544.788,930.2,544.8,1,0.865,-29.8,1.7,29.8,-9.87,0.38,930.2,541.7,"[[-6, 0], [-4, 0]]",0,0.0130
649,1785364544.798,930.2,544.8,1,0.865,-29.8,1.7,29.8,-10.44,0.35,930.2,541.7,"[[-6, 0], [-4, 0]]",0,0.0096
650,1785364544.810,930.2,544.8,1,0.865,-29.8,1.7,29.8,-10.44,0.35,930.2,541.7,"[[-6, 0], [-4, 0]]",0,0.0121
651,1785364544.820,941.6,545.2,1,0.846,-18.4,2.2,18.4,-5.86,0.48,941.6,542.2,"[[-5, 0], [-1, 0]]",0,0.0100
652,1785364544.829,941.6,545.2,1,0.846,-18.4,2.2,18.4,-6.43,0.46,941.6,542.2,"[[-5, 0], [-1, 0]]",0,0.0086
653,1785364544.841,941.6,545.2,1,0.846,-18.4,2.2,18.4,-6.43,0.46,941.6,542.2,"[[-5, 0], [-1, 0]]",0,0.0124
654,1785364544.850,955.3,545.5,1,0.827,-4.7,2.4,4.9,-0.95,0.50,955.3,542.4,"[[-1, 1]]",0,0.0095
655,1785364544.860,955.3,545.5,1,0.827,-4.7,2.4,4.9,-1.63,0.50,955.3,542.4,"[[-2, 0]]",0,0.0093
656,1785364544.870,955.3,545.5,1,0.827,-4.7,2.4,4.9,-1.63,0.50,955.3,542.4,"[[-2, 0]]",0,0.0102
657,1785364544.880,955.3,545.5,1,0.827,-4.7,2.4,4.9,-1.63,0.50,955.3,542.4,"[[-2, 0]]",0,0.0099
658,1785364544.888,969.1,546.0,1,0.813,9.1,3.0,9.3,3.87,0.64,969.1,543.0,"[[4, 1]]",0,0.0081
659,1785364544.895,969.1,546.0,1,0.813,9.1,3.0,9.3,3.18,0.62,969.1,543.0,"[[3, 1]]",0,0.0073
660,1785364544.903,969.1,546.0,1,0.813,9.1,3.0,9.3,3.18,0.62,969.1,543.0,"[[3, 1]]",0,0.0074
661,1785364544.913,969.1,546.0,1,0.813,9.1,3.0,9.3,3.18,0.62,969.1,543.0,"[[3, 1]]",0,0.0103
662,1785364544.921,977.3,546.2,1,0.846,17.3,3.1,17.4,6.46,0.65,977.3,543.1,"[[5, 1], [1, 0]]",0,0.0080
663,1785364544.931,977.3,546.2,1,0.846,17.3,3.1,17.4,6.05,0.65,977.3,543.1,"[[5, 1], [1, 0]]",0,0.0100
664,1785364544.943,977.3,546.2,1,0.846,17.3,3.1,17.4,6.05,0.65,977.3,543.1,"[[5, 1], [1, 0]]",0,0.0116
665,1785364544.952,979.1,546.3,1,0.860,19.1,3.2,19.2,6.77,0.68,979.1,543.2,"[[5, 1], [1, 0]]",0,0.0094
666,1785364544.962,979.1,546.3,1,0.860,19.1,3.2,19.2,6.68,0.67,979.1,543.2,"[[5, 1], [1, 0]]",0,0.0103
667,1785364544.971,979.1,546.3,1,0.860,19.1,3.2,19.2,6.68,0.67,979.1,543.2,"[[5, 1], [1, 0]]",0,0.0092
668,1785364544.981,979.1,546.3,1,0.860,19.1,3.2,19.2,6.68,0.67,979.1,543.2,"[[5, 1], [1, 0]]",0,0.0094
669,1785364544.989,977.4,545.6,1,0.839,17.4,2.4,17.5,6.02,0.49,977.4,542.4,"[[5, 0], [1, 0]]",0,0.0087
670,1785364545.000,977.4,545.6,1,0.839,17.4,2.4,17.5,6.10,0.51,977.4,542.4,"[[5, 0], [1, 0]]",0,0.0103
671,1785364545.012,977.4,545.6,1,0.839,17.4,2.4,17.5,6.10,0.51,977.4,542.4,"[[5, 0], [1, 0]]",0,0.0119
672,1785364545.023,969.1,544.1,1,0.751,9.1,1.1,9.2,2.78,0.19,969.1,541.1,"[[3, 0]]",0,0.0111
673,1785364545.032,969.1,544.1,1,0.751,9.1,1.1,9.2,3.20,0.23,969.1,541.1,"[[3, 0]]",0,0.0090
674,1785364545.041,969.1,544.1,1,0.751,9.1,1.1,9.2,3.20,0.23,969.1,541.1,"[[3, 0]]",0,0.0091
675,1785364545.049,969.1,544.1,1,0.751,9.1,1.1,9.2,3.20,0.23,969.1,541.1,"[[3, 0]]",0,0.0081
676,1785364545.056,956.8,542.4,1,0.857,-3.2,-0.6,3.2,-1.75,-0.18,956.8,539.4,"[[-2, 0]]",0,0.0074
677,1785364545.063,956.8,542.4,1,0.857,-3.2,-0.6,3.2,-1.13,-0.13,956.8,539.4,"[[-1, 0]]",0,0.0070
678,1785364545.071,956.8,542.4,1,0.857,-3.2,-0.6,3.2,-1.13,-0.13,956.8,539.4,"[[-1, 0]]",0,0.0079
679,1785364545.081,956.8,542.4,1,0.857,-3.2,-0.6,3.2,-1.13,-0.13,956.8,539.4,"[[-1, 0]]",0,0.0097
680,1785364545.089,950.2,541.7,1,0.849,-9.8,-1.3,9.8,-3.76,-0.30,950.2,538.7,"[[-4, 0]]",0,0.0085
681,1785364545.097,950.2,541.7,1,0.849,-9.8,-1.3,9.8,-3.43,-0.28,950.2,538.7,"[[-3, 0]]",0,0.0079
682,1785364545.107,950.2,541.7,1,0.849,-9.8,-1.3,9.8,-3.43,-0.28,950.2,538.7,"[[-3, 0]]",0,0.0094
683,1785364545.116,950.2,541.7,1,0.849,-9.8,-1.3,9.8,-3.43,-0.28,950.2,538.7,"[[-3, 0]]",0,0.0091
684,1785364545.124,938.4,540.2,1,0.841,-21.6,-2.8,21.7,-8.15,-0.64,938.4,537.2,"[[-6, 0], [-2, 0]]",0,0.0083
685,1785364545.134,938.4,540.2,1,0.841,-21.6,-2.8,21.7,-7.56,-0.60,938.4,537.2,"[[-6, 0], [-2, 0]]",0,0.0099
686,1785364545.145,938.4,540.2,1,0.841,-21.6,-2.8,21.7,-7.56,-0.60,938.4,537.2,"[[-6, 0], [-2, 0]]",0,0.0111
687,1785364545.154,931.7,540.1,1,0.717,-28.3,-2.9,28.3,-10.23,-0.61,931.7,537.1,"[[-6, 0], [-4, 0]]",0,0.0093
688,1785364545.164,931.7,540.1,1,0.717,-28.3,-2.9,28.3,-9.90,-0.61,931.7,537.1,"[[-6, 0], [-4, 0]]",0,0.0097
689,1785364545.176,931.7,540.1,1,0.717,-28.3,-2.9,28.3,-9.90,-0.61,931.7,537.1,"[[-6, 0], [-4, 0]]",0,0.0114
690,1785364545.185,933.0,539.4,1,0.875,-27.0,-3.5,27.1,-9.37,-0.76,933.0,536.5,"[[-6, 0], [-3, 0]]",0,0.0097
691,1785364545.196,933.0,539.4,1,0.875,-27.0,-3.5,27.1,-9.44,-0.74,933.0,536.5,"[[-6, 0], [-3, 0]]",0,0.0109
692,1785364545.209,933.0,539.4,1,0.875,-27.0,-3.5,27.1,-9.44,-0.74,933.0,536.5,"[[-6, 0], [-3, 0]]",0,0.0128
693,1785364545.219,938.9,539.2,1,0.882,-21.1,-3.8,21.3,-7.11,-0.82,938.9,536.2,"[[-6, -1], [-2, 0]]",0,0.0099
694,1785364545.228,938.9,539.2,1,0.882,-21.1,-3.8,21.3,-7.40,-0.81,938.9,536.2,"[[-6, -1], [-2, 0]]",0,0.0094
695,1785364545.238,938.9,539.2,1,0.882,-21.1,-3.8,21.3,-7.40,-0.81,938.9,536.2,"[[-6, -1], [-2, 0]]",0,0.0096
696,1785364545.249,938.9,539.2,1,0.882,-21.1,-3.8,21.3,-7.40,-0.81,938.9,536.2,"[[-6, -1], [-2, 0]]",0,0.0113
697,1785364545.258,948.3,538.8,1,0.871,-11.7,-4.2,12.0,-3.64,-0.89,948.3,535.8,"[[-4, -1]]",0,0.0089
698,1785364545.265,948.3,538.8,1,0.871,-11.7,-4.2,12.0,-4.11,-0.88,948.3,535.8,"[[-4, -1]]",0,0.0074
699,1785364545.275,948.3,538.8,1,0.871,-11.7,-4.2,12.0,-4.11,-0.88,948.3,535.8,"[[-4, -1]]",0,0.0097
700,1785364545.283,966.5,538.8,1,0.850,6.5,-4.3,7.0,3.17,-0.91,966.5,535.7,"[[3, -1]]",0,0.0078
701,1785364545.291,966.5,538.8,1,0.850,6.5,-4.3,7.0,2.26,-0.91,966.5,535.7,"[[2, -1]]",0,0.0085
702,1785364545.301,966.5,538.8,1,0.850,6.5,-4.3,7.0,2.26,-0.91,966.5,535.7,"[[2, -1]]",0,0.0092
703,1785364545.310,966.5,538.8,1,0.850,6.5,-4.3,7.0,2.26,-0.91,966.5,535.7,"[[2, -1]]",0,0.0095
704,1785364545.317,979.1,538.7,1,0.878,19.1,-4.4,19.3,7.31,-0.93,979.1,535.6,"[[6, -1], [2, 0]]",0,0.0074
705,1785364545.327,979.1,538.7,1,0.878,19.1,-4.4,19.3,6.68,-0.92,979.1,535.6,"[[5, -1], [1, 0]]",0,0.0097
706,1785364545.337,979.1,538.7,1,0.878,19.1,-4.4,19.3,6.68,-0.92,979.1,535.6,"[[5, -1], [1, 0]]",0,0.0097
707,1785364545.348,979.1,538.7,1,0.878,19.1,-4.4,19.3,6.68,-0.92,979.1,535.6,"[[5, -1], [1, 0]]",0,0.0110
708,1785364545.357,990.2,540.2,1,0.784,30.2,-2.9,30.3,11.13,-0.56,990.2,537.1,"[[7, 0], [5, 0]]",0,0.0095
709,1785364545.368,990.2,540.2,1,0.784,30.2,-2.9,30.3,10.57,-0.60,990.2,537.1,"[[6, 0], [4, 0]]",0,0.0111
710,1785364545.378,990.2,540.2,1,0.784,30.2,-2.9,30.3,10.57,-0.60,990.2,537.1,"[[6, 0], [4, 0]]",0,0.0095
711,1785364545.387,1000.0,555.0,0,0.901,40.0,2.9,40.1,14.51,0.79,1000.0,542.9,"[[7, 0], [6, 0], [1, 0]]",0,0.0095
712,1785364545.399,1000.0,555.0,0,0.901,40.0,2.9,40.1,14.02,0.62,1000.0,542.9,"[[7, 0], [5, 0], [1, 0]]",0,0.0120
713,1785364545.414,1000.0,555.0,0,0.901,40.0,2.9,40.1,14.02,0.62,1000.0,542.9,"[[7, 0], [5, 0], [1, 0]]",0,0.0146
714,1785364545.425,996.2,556.9,0,0.899,36.2,4.9,36.3,12.47,1.10,996.2,544.9,"[[7, 1], [5, 0]]",0,0.0110
715,1785364545.436,996.2,556.9,0,0.899,36.2,4.9,36.3,12.67,1.04,996.2,544.9,"[[7, 1], [5, 0]]",0,0.0110
716,1785364545.448,996.2,556.9,0,0.899,36.2,4.9,36.3,12.67,1.04,996.2,544.9,"[[7, 1], [5, 0]]",0,0.0120
717,1785364545.459,986.8,558.6,0,0.904,26.8,6.5,27.0,8.89,1.40,986.8,546.5,"[[6, 1], [3, 0]]",0,0.0110
718,1785364545.472,986.8,558.6,0,0.904,26.8,6.5,27.0,9.37,1.35,986.8,546.5,"[[6, 1], [3, 0]]",0,0.0129
719,1785364545.484,986.8,558.6,0,0.904,26.8,6.5,27.0,9.37,1.35,986.8,546.5,"[[6, 1], [3, 0]]",0,0.0119
720,1785364545.495,968.9,558.7,0,0.907,8.9,6.6,9.8,2.23,1.40,968.9,546.6,"[[2, 1]]",0,0.0114
721,1785364545.503,968.9,558.7,0,0.907,8.9,6.6,9.8,3.12,1.39,968.9,546.6,"[[3, 1]]",0,0.0074
722,1785364545.513,968.9,558.7,0,0.907,8.9,6.6,9.8,3.12,1.39,968.9,546.6,"[[3, 1]]",0,0.0101
723,1785364545.521,955.7,545.4,1,0.855,-4.3,2.3,4.5,-2.16,0.34,955.7,542.3,"[[-2, 0]]",0,0.0081
724,1785364545.529,955.7,545.4,1,0.855,-4.3,2.3,4.5,-1.50,0.47,955.7,542.3,"[[-1, 0]]",0,0.0080
725,1785364545.536,955.7,545.4,1,0.855,-4.3,2.3,4.5,-1.50,0.47,955.7,542.3,"[[-1, 0]]",0,0.0073
726,1785364545.545,955.7,545.4,1,0.855,-4.3,2.3,4.5,-1.50,0.47,955.7,542.3,"[[-1, 0]]",0,0.0088
727,1785364545.552,940.6,544.5,1,0.867,-19.4,1.5,19.4,-7.55,0.29,940.6,541.5,"[[-6, 0], [-2, 0]]",0,0.0075
728,1785364545.564,940.6,544.5,1,0.867,-19.4,1.5,19.4,-6.79,0.31,940.6,541.5,"[[-5, 0], [-1, 0]]",0,0.0110
729,1785364545.575,940.6,544.5,1,0.867,-19.4,1.5,19.4,-6.79,0.31,940.6,541.5,"[[-5, 0], [-1, 0]]",0,0.0118
730,1785364545.587,928.8,543.8,1,0.711,-31.2,0.8,31.2,-11.51,0.15,928.8,540.8,"[[-7, 0], [-5, 0]]",0,0.0112
731,1785364545.595,928.8,543.8,1,0.711,-31.2,0.8,31.2,-10.92,0.17,928.8,540.8,"[[-7, 0], [-4, 0]]",0,0.0085
732,1785364545.606,928.8,543.8,1,0.711,-31.2,0.8,31.2,-10.92,0.17,928.8,540.8,"[[-7, 0], [-4, 0]]",0,0.0111
733,1785364545.618,928.8,543.8,1,0.711,-31.2,0.8,31.2,-10.92,0.17,928.8,540.8,"[[-7, 0], [-4, 0]]",0,0.0117
734,1785364545.627,918.1,541.7,1,0.876,-41.9,-1.3,41.9,-15.20,-0.33,918.1,538.7,"[[-8, 0], [-6, 0], [-2, 0]]",0,0.0093
735,1785364545.641,918.1,541.7,1,0.876,-41.9,-1.3,41.9,-14.67,-0.27,918.1,538.7,"[[-8, 0], [-6, 0], [-2, 0]]",0,0.0139
736,1785364545.653,918.0,541.6,1,0.874,-42.0,-1.5,42.0,-14.69,-0.31,918.0,538.5,"[[-8, 0], [-6, 0], [-2, 0]]",0,0.0119
737,1785364545.664,918.0,541.6,1,0.874,-42.0,-1.5,42.0,-14.69,-0.31,918.0,538.5,"[[-8, 0], [-6, 0], [-2, 0]]",0,0.0106
738,1785364545.676,918.0,541.6,1,0.874,-42.0,-1.5,42.0,-14.69,-0.31,918.0,538.5,"[[-8, 0], [-6, 0], [-2, 0]]",0,0.0121
739,1785364545.687,927.8,554.8,0,0.894,-32.2,2.7,32.2,-10.77,0.69,927.8,542.7,"[[-7, 0], [-4, 0]]",0,0.0109
740,1785364545.696,927.8,554.8,0,0.894,-32.2,2.7,32.2,-11.26,0.57,927.8,542.7,"[[-7, 0], [-5, 0]]",0,0.0095
741,1785364545.706,927.8,554.8,0,0.894,-32.2,2.7,32.2,-11.26,0.57,927.8,542.7,"[[-7, 0], [-5, 0]]",0,0.0103
742,1785364545.716,927.8,554.8,0,0.894,-32.2,2.7,32.2,-11.26,0.57,927.8,542.7,"[[-7, 0], [-5, 0]]",0,0.0099
743,1785364545.727,944.4,554.6,0,0.904,-15.6,2.7,15.7,-4.64,0.56,944.4,542.7,"[[-5, 1]]",0,0.0110
744,1785364545.735,944.4,554.6,0,0.904,-15.6,2.7,15.7,-5.46,0.56,944.4,542.7,"[[-5, 1]]",0,0.0075
745,1785364545.743,944.4,554.6,0,0.904,-15.6,2.7,15.7,-5.46,0.56,944.4,542.7,"[[-5, 1]]",0,0.0082
746,1785364545.751,963.2,541.4,1,0.863,3.2,-1.5,3.3,2.06,-0.45,963.2,538.5,"[[2, 0]]",0,0.0083
747,1785364545.759,963.2,541.4,1,0.863,3.2,-1.5,3.3,1.12,-0.32,963.2,538.5,"[[1, 0]]",0,0.0075
748,1785364545.766,963.2,541.4,1,0.863,3.2,-1.5,3.3,1.12,-0.32,963.2,538.5,"[[1, 0]]",0,0.0076
749,1785364545.776,963.2,541.4,1,0.863,3.2,-1.5,3.3,1.12,-0.32,963.2,538.5,"[[1, 0]]",0,0.0099
750,1785364545.785,979.2,541.6,1,0.878,19.2,-1.4,19.2,7.51,-0.30,979.2,538.6,"[[6, 0], [2, 0]]",0,0.0088
751,1785364545.795,979.2,541.6,1,0.878,19.2,-1.4,19.2,6.71,-0.30,979.2,538.6,"[[5, 0], [1, 0]]",0,0.0095
752,1785364545.804,979.2,541.6,1,0.878,19.2,-1.4,19.2,6.71,-0.30,979.2,538.6,"[[5, 0], [1, 0]]",0,0.0096
753,1785364545.815,997.4,541.5,1,0.877,37.4,-1.5,37.5,14.02,-0.31,997.4,538.5,"[[7, 0], [5, 0], [1, 0]]",0,0.0112
754,1785364545.827,997.4,541.5,1,0.877,37.4,-1.5,37.5,13.11,-0.31,997.4,538.5,"[[7, 0], [5, 0], [1, 0]]",0,0.0119
755,1785364545.841,997.4,541.5,1,0.877,37.4,-1.5,37.5,13.11,-0.31,997.4,538.5,"[[7, 0], [5, 0], [1, 0]]",0,0.0139
756,1785364545.856,1015.7,553.5,0,0.901,55.7,1.3,55.8,20.43,0.37,1015.7,541.3,"[[9, 0], [7, 0], [5, 0]]",0,0.0144
757,1785364545.869,1015.7,553.5,0,0.901,55.7,1.3,55.8,19.51,0.28,1015.7,541.3,"[[9, 0], [6, 0], [4, 0]]",0,0.0133
758,1785364545.884,1015.7,553.5,0,0.901,55.7,1.3,55.8,19.51,0.28,1015.7,541.3,"[[9, 0], [6, 0], [4, 0]]",0,0.0147
759,1785364545.896,1013.5,553.4,0,0.903,53.5,1.3,53.5,18.62,0.28,1013.5,541.3,"[[9, 0], [6, 0], [4, 0]]",0,0.0127
760,1785364545.911,1013.5,553.4,0,0.903,53.5,1.3,53.5,18.73,0.28,1013.5,541.3,"[[9, 0], [6, 0], [4, 0]]",0,0.0146
761,1785364545.922,1007.2,553.5,0,0.906,47.2,1.3,47.2,16.20,0.28,1007.2,541.3,"[[8, 0], [6, 0], [2, 0]]",0,0.0115
762,1785364545.935,1007.2,553.5,0,0.906,47.2,1.3,47.2,16.51,0.28,1007.2,541.3,"[[8, 0], [6, 0], [3, 0]]",0,0.0127
763,1785364545.949,1007.2,553.5,0,0.906,47.2,1.3,47.2,16.51,0.28,1007.2,541.3,"[[8, 0], [6, 0], [3, 0]]",0,0.0136
764,1785364545.960,989.4,553.2,0,0.896,29.4,1.5,29.4,9.38,0.31,989.4,541.5,"[[6, 0], [3, 0]]",0,0.0110
765,1785364545.969,989.4,553.2,0,0.896,29.4,1.5,29.4,10.28,0.31,989.4,541.5,"[[6, 0], [4, 0]]",0,0.0094
766,1785364545.979,989.4,553.2,0,0.896,29.4,1.5,29.4,10.28,0.31,989.4,541.5,"[[6, 0], [4, 0]]",0,0.0101
767,1785364545.989,973.1,540.9,1,0.865,13.1,-2.2,13.2,3.79,-0.56,973.1,537.8,"[[4, -1]]",0,0.0100
768,1785364545.996,973.1,540.9,1,0.865,13.1,-2.2,13.2,4.60,-0.45,973.1,537.8,"[[5, 0]]",0,0.0071
769,1785364546.004,973.1,540.9,1,0.865,13.1,-2.2,13.2,4.60,-0.45,973.1,537.8,"[[5, 0]]",0,0.0080
770,1785364546.015,973.1,540.9,1,0.865,13.1,-2.2,13.2,4.60,-0.45,973.1,537.8,"[[5, 0]]",0,0.0110
771,1785364546.023,955.5,541.7,1,0.865,-4.5,-1.3,4.5,-2.44,-0.24,955.5,538.7,"[[-2, 0]]",0,0.0080
772,1785364546.031,955.5,541.7,1,0.865,-4.5,-1.3,4.5,-1.56,-0.27,955.5,538.7,"[[-2, 0]]",0,0.0073
773,1785364546.040,955.5,541.7,1,0.865,-4.5,-1.3,4.5,-1.56,-0.27,955.5,538.7,"[[-2, 0]]",0,0.0095
774,1785364546.048,955.5,541.7,1,0.865,-4.5,-1.3,4.5,-1.56,-0.27,955.5,538.7,"[[-2, 0]]",0,0.0078
775,1785364546.056,940.1,541.7,1,0.872,-19.9,-1.3,19.9,-7.75,-0.28,940.1,538.7,"[[-6, 0], [-2, 0]]",0,0.0084
776,1785364546.067,940.1,541.7,1,0.872,-19.9,-1.3,19.9,-6.98,-0.28,940.1,538.7,"[[-6, 0], [-1, 0]]",0,0.0108
777,1785364546.076,940.1,541.7,1,0.872,-19.9,-1.3,19.9,-6.98,-0.28,940.1,538.7,"[[-6, 0], [-1, 0]]",0,0.0093
778,1785364546.086,928.9,554.8,0,0.903,-31.1,2.9,31.1,-11.43,0.72,928.9,542.9,"[[-7, 0], [-5, 0]]",0,0.0092
779,1785364546.095,928.9,554.8,0,0.903,-31.1,2.9,31.1,-10.87,0.60,928.9,542.9,"[[-7, 0], [-4, 0]]",0,0.0091
780,1785364546.104,928.9,554.8,0,0.903,-31.1,2.9,31.1,-10.87,0.60,928.9,542.9,"[[-7, 0], [-4, 0]]",0,0.0091
781,1785364546.115,928.9,554.8,0,0.903,-31.1,2.9,31.1,-10.87,0.60,928.9,542.9,"[[-7, 0], [-4, 0]]",0,0.0112
782,1785364546.124,922.8,554.9,0,0.895,-37.2,3.1,37.2,-13.32,0.65,922.8,543.1,"[[-7, 0], [-5, 0], [-1, 0]]",0,0.0094
783,1785364546.137,922.8,554.9,0,0.895,-37.2,3.1,37.2,-13.02,0.64,922.8,543.1,"[[-7, 0], [-5, 0], [-1, 0]]",0,0.0124
784,1785364546.149,926.7,554.7,0,0.864,-33.3,2.9,33.3,-11.45,0.60,926.7,542.9,"[[-7, 0], [-5, 0]]",0,0.0122
785,1785364546.159,926.7,554.7,0,0.864,-33.3,2.9,33.3,-11.65,0.61,926.7,542.9,"[[-7, 0], [-5, 0]]",0,0.0104
786,1785364546.169,926.7,554.7,0,0.864,-33.3,2.9,33.3,-11.65,0.61,926.7,542.9,"[[-7, 0], [-5, 0]]",0,0.0101
787,1785364546.182,926.7,554.7,0,0.864,-33.3,2.9,33.3,-11.65,0.61,926.7,542.9,"[[-7, 0], [-5, 0]]",0,0.0122
788,1785364546.192,945.0,554.3,0,0.864,-15.0,2.7,15.1,-4.33,0.57,945.0,542.7,"[[-4, 1]]",0,0.0100
789,1785364546.199,945.0,554.3,0,0.864,-15.0,2.7,15.1,-5.25,0.58,945.0,542.7,"[[-5, 1]]",0,0.0077
790,1785364546.209,945.0,554.3,0,0.864,-15.0,2.7,15.1,-5.25,0.58,945.0,542.7,"[[-5, 1]]",0,0.0093
791,1785364546.216,963.9,541.7,1,0.846,3.9,-1.3,4.0,2.32,-0.39,963.9,538.7,"[[2, 0]]",0,0.0073
792,1785364546.224,963.9,541.7,1,0.846,3.9,-1.3,4.0,1.38,-0.27,963.9,538.7,"[[1, 0]]",0,0.0083
793,1785364546.232,963.9,541.7,1,0.846,3.9,-1.3,4.0,1.38,-0.27,963.9,538.7,"[[1, 0]]",0,0.0076
794,1785364546.242,963.9,541.7,1,0.846,3.9,-1.3,4.0,1.38,-0.27,963.9,538.7,"[[1, 0]]",0,0.0098
795,1785364546.250,977.1,554.1,0,0.867,17.1,2.7,17.2,6.66,0.69,977.1,542.7,"[[5, 1], [1, 0]]",0,0.0079
796,1785364546.260,977.1,554.1,0,0.867,17.1,2.7,17.2,6.00,0.57,977.1,542.7,"[[5, 0], [1, 0]]",0,0.0103
797,1785364546.269,977.1,554.1,0,0.867,17.1,2.7,17.2,6.00,0.57,977.1,542.7,"[[5, 0], [1, 0]]",0,0.0088
798,1785364546.281,977.1,554.1,0,0.867,17.1,2.7,17.2,6.00,0.57,977.1,542.7,"[[5, 0], [1, 0]]",0,0.0125
799,1785364546.291,1000.8,554.8,0,0.868,40.8,3.3,40.8,15.46,0.70,1000.8,543.3,"[[8, 0], [6, 0], [2, 0]]",0,0.0095
800,1785364546.303,1000.8,554.8,0,0.868,40.8,3.3,40.8,14.28,0.69,1000.8,543.3,"[[7, 0], [5, 0], [1, 0]]",0,0.0126
801,1785364546.315,1000.8,554.8,0,0.868,40.8,3.3,40.8,14.28,0.69,1000.8,543.3,"[[7, 0], [5, 0], [1, 0]]",0,0.0117
802,1785364546.327,1013.4,553.6,0,0.879,53.4,1.9,53.5,19.34,0.37,1013.4,541.9,"[[9, 0], [6, 0], [4, 0]]",0,0.0119
803,1785364546.343,1013.4,553.6,0,0.879,53.4,1.9,53.5,18.71,0.41,1013.4,541.9,"[[9, 0], [6, 0], [4, 0]]",0,0.0158
804,1785364546.353,1011.6,553.9,0,0.908,51.6,1.9,51.7,17.99,0.40,1011.6,541.9,"[[8, 0], [6, 0], [3, 0]]",0,0.0105
805,1785364546.365,1011.6,553.9,0,0.908,51.6,1.9,51.7,18.08,0.40,1011.6,541.9,"[[8, 0], [6, 0], [3, 0]]",0,0.0118
806,1785364546.378,1011.6,553.9,0,0.908,51.6,1.9,51.7,18.08,0.40,1011.6,541.9,"[[8, 0], [6, 0], [3, 0]]",0,0.0128
807,1785364546.390,999.7,552.5,0,0.890,39.7,0.7,39.7,13.31,0.10,999.7,540.7,"[[7, 0], [5, 0], [1, 0]]",0,0.0118
808,1785364546.402,999.7,552.5,0,0.890,39.7,0.7,39.7,13.90,0.14,999.7,540.7,"[[7, 0], [5, 0], [1, 0]]",0,0.0119
809,1785364546.414,999.7,552.5,0,0.890,39.7,0.7,39.7,13.90,0.14,999.7,540.7,"[[7, 0], [5, 0], [1, 0]]",0,0.0128
810,1785364546.426,985.2,551.8,0,0.883,25.2,0.1,25.2,8.11,0.01,985.2,540.1,"[[6, 0], [2, 0]]",0,0.0118
811,1785364546.438,985.2,551.8,0,0.883,25.2,0.1,25.2,8.84,0.03,985.2,540.1,"[[6, 0], [3, 0]]",0,0.0113
812,1785364546.449,985.2,551.8,0,0.883,25.2,0.1,25.2,8.84,0.03,985.2,540.1,"[[6, 0], [3, 0]]",0,0.0118
813,1785364546.460,960.8,538.6,1,0.786,0.8,-4.5,2.8,-0.94,-1.08,960.8,535.5,"[[-1, -1]]",0,0.0107
814,1785364546.468,960.8,538.6,1,0.786,0.8,-4.5,2.8,0.29,-0.94,960.8,535.5,"[[0, -1]]",0,0.0081
815,1785364546.477,960.8,538.6,1,0.786,0.8,-4.5,2.8,0.29,-0.94,960.8,535.5,"[[0, -1]]",0,0.0085
816,1785364546.484,938.2,538.7,1,0.884,-21.8,-4.4,22.0,-8.77,-0.92,938.2,535.6,"[[-6, -1], [-3, 0]]",0,0.0073
817,1785364546.494,938.2,538.7,1,0.884,-21.8,-4.4,22.0,-7.64,-0.92,938.2,535.6,"[[-6, -1], [-2, 0]]",0,0.0096
818,1785364546.504,938.2,538.7,1,0.884,-21.8,-4.4,22.0,-7.64,-0.92,938.2,535.6,"[[-6, -1], [-2, 0]]",0,0.0101
819,1785364546.516,938.2,538.7,1,0.884,-21.8,-4.4,22.0,-7.64,-0.92,938.2,535.6,"[[-6, -1], [-2, 0]]",0,0.0118
820,1785364546.526,924.7,538.5,1,0.871,-35.3,-4.6,35.4,-13.04,-0.97,924.7,535.4,"[[-7, -1], [-5, 0], [-1, 0]]",0,0.0102
821,1785364546.538,924.7,538.5,1,0.871,-35.3,-4.6,35.4,-12.37,-0.96,924.7,535.4,"[[-7, -1], [-5, 0]]",0,0.0125
822,1785364546.549,924.7,538.5,1,0.871,-35.3,-4.6,35.4,-12.37,-0.96,924.7,535.4,"[[-7, -1], [-5, 0]]",0,0.0107
823,1785364546.559,910.4,538.7,1,0.877,-49.6,-4.4,49.6,-18.06,-0.93,910.4,535.6,"[[-8, 0], [-6, 0], [-3, 0]]",0,0.0102
824,1785364546.574,910.4,538.7,1,0.877,-49.6,-4.4,49.6,-17.35,-0.93,910.4,535.6,"[[-8, 0], [-6, 0], [-3, 0]]",0,0.0148
825,1785364546.586,906.8,540.1,1,0.849,-53.2,-3.1,53.2,-18.79,-0.61,906.8,536.9,"[[-9, 0], [-6, 0], [-4, 0]]",0,0.0119
826,1785364546.597,906.8,540.1,1,0.849,-53.2,-3.1,53.2,-18.61,-0.65,906.8,536.9,"[[-9, 0], [-6, 0], [-4, 0]]",0,0.0113
827,1785364546.611,906.8,540.1,1,0.849,-53.2,-3.1,53.2,-18.61,-0.65,906.8,536.9,"[[-9, 0], [-6, 0], [-4, 0]]",0,0.0141
828,1785364546.623,918.7,541.5,1,0.848,-41.3,-1.6,41.3,-13.87,-0.29,918.7,538.4,"[[-7, 0], [-5, 0], [-1, 0]]",0,0.0123
829,1785364546.635,918.7,541.5,1,0.848,-41.3,-1.6,41.3,-14.46,-0.33,918.7,538.4,"[[-7, 0], [-6, 0], [-1, 0]]",0,0.0116
830,1785364546.649,918.7,541.5,1,0.848,-41.3,-1.6,41.3,-14.46,-0.33,918.7,538.4,"[[-7, 0], [-6, 0], [-1, 0]]",0,0.0136
831,1785364546.662,933.9,543.2,1,0.878,-26.1,0.0,26.1,-8.36,0.06,933.9,540.0,"[[-6, 0], [-2, 0]]",0,0.0128
832,1785364546.673,933.9,543.2,1,0.878,-26.1,0.0,26.1,-9.12,0.01,933.9,540.0,"[[-6, 0], [-3, 0]]",0,0.0114
833,1785364546.686,933.9,543.2,1,0.878,-26.1,0.0,26.1,-9.12,0.01,933.9,540.0,"[[-6, 0], [-3, 0]]",0,0.0127
834,1785364546.695,955.8,543.1,1,0.862,-4.2,0.1,4.2,-0.37,0.02,955.8,540.1,"[]",0,0.0096
835,1785364546.703,955.8,543.1,1,0.862,-4.2,0.1,4.2,-1.47,0.02,955.8,540.1,"[[-1, 0]]",0,0.0076
836,1785364546.713,955.8,543.1,1,0.862,-4.2,0.1,4.2,-1.47,0.02,955.8,540.1,"[[-1, 0]]",0,0.0098
837,1785364546.721,977.3,543.1,1,0.869,17.3,0.1,17.3,7.14,0.02,977.3,540.1,"[[6, 0], [2, 0]]",0,0.0082
838,1785364546.731,977.3,543.1,1,0.869,17.3,0.1,17.3,6.06,0.02,977.3,540.1,"[[5, 0], [1, 0]]",0,0.0105
839,1785364546.742,977.3,543.1,1,0.869,17.3,0.1,17.3,6.06,0.02,977.3,540.1,"[[5, 0], [1, 0]]",0,0.0109
840,1785364546.752,994.6,543.1,1,0.878,34.6,0.0,34.6,12.99,0.00,994.6,540.0,"[[7, 0], [5, 0], [1, 0]]",0,0.0097
841,1785364546.765,994.6,543.1,1,0.878,34.6,0.0,34.6,12.13,0.01,994.6,540.0,"[[7, 0], [5, 0]]",0,0.0126
